"person","item_MR05","item_MR01","item_MR08","item_MR07","item_MR02","item_MR03","item_MR04","item_MR10","item_MR09","item_MR06"
1535,0,1,0,1,1,1,1,0,0,1
1536,0,1,0,0,1,1,1,0,0,1
1537,0,0,0,0,0,0,0,0,0,0
1539,0,1,0,0,0,1,0,0,0,1
1541,0,0,0,0,0,0,0,0,0,0
1542,0,1,1,1,1,1,1,1,1,1
1543,0,1,0,0,0,0,0,0,0,0
1545,1,1,1,1,1,1,1,1,1,1
1546,1,1,1,1,1,1,1,1,0,1
1547,0,1,0,0,0,0,0,0,0,0
1548,0,1,0,0,0,1,1,0,0,1
1549,0,1,0,0,0,1,0,0,0,0
1551,0,1,0,1,1,1,1,0,0,1
1552,0,1,0,0,0,0,0,0,0,0
1553,0,1,0,0,0,0,0,0,0,0
1554,0,0,0,0,0,0,0,0,0,0
1555,1,1,1,1,1,1,1,1,1,1
1556,1,1,0,1,1,1,1,1,0,0
1557,1,1,1,1,1,1,1,0,1,1
1558,0,0,0,0,0,0,0,0,0,0
1559,0,0,0,0,0,0,0,0,0,0
1560,1,1,1,0,0,1,0,0,0,1
1563,0,1,0,1,1,1,1,1,1,1
1564,1,1,0,0,1,1,1,0,0,1
1566,0,1,0,0,1,1,1,0,1,1
1567,1,1,0,0,1,1,1,0,0,1
1568,1,1,0,0,1,1,0,0,0,1
1569,0,1,0,0,0,0,0,0,0,0
1570,1,1,1,0,1,1,1,0,1,0
1571,0,0,0,0,0,0,0,0,0,0
1572,NA,1,NA,NA,0,0,0,0,0,0
1573,1,1,1,1,1,1,1,0,1,1
1574,0,0,0,0,0,0,0,0,0,0
1577,1,1,1,1,1,1,1,1,0,1
1578,0,1,0,0,0,1,0,0,0,0
1579,1,1,0,1,1,1,1,0,0,1
1580,1,1,0,0,1,1,1,0,0,1
1581,0,1,0,0,0,0,0,0,0,0
1582,0,0,0,0,0,0,0,0,0,0
1583,1,1,1,1,1,0,1,1,0,1
1585,0,0,0,0,0,0,0,0,0,0
1586,0,1,0,0,1,1,1,0,0,0
1587,0,1,0,0,0,0,0,0,0,0
1589,1,1,1,0,1,1,1,0,0,0
1592,0,0,0,0,0,0,0,0,0,0
1593,1,1,1,1,1,1,1,1,0,1
1594,0,1,1,1,1,1,1,0,1,1
1595,0,1,1,0,0,1,0,0,0,0
1596,1,1,1,1,1,1,1,0,1,1
1597,1,1,1,1,1,1,1,1,1,1
1598,1,1,1,1,1,1,1,0,0,1
1599,NA,0,0,NA,0,0,NA,0,0,NA
1600,1,1,1,1,1,1,1,1,0,1
1601,1,1,0,0,0,1,1,0,0,1
1602,0,1,0,0,0,0,0,0,0,0
1603,0,1,1,1,1,1,1,0,1,1
1604,0,0,0,0,0,0,0,0,0,0
1605,0,1,0,0,0,0,1,0,0,0
1606,1,1,1,1,1,1,1,0,1,1
1607,1,1,1,0,1,1,1,0,0,0
1608,1,1,1,0,1,1,1,0,0,0
1609,0,0,0,0,0,0,0,0,0,0
1611,0,0,0,0,0,0,0,0,0,0
1612,0,0,0,0,0,0,0,0,0,0
1613,1,1,1,1,1,1,0,1,1,1
1614,1,1,1,0,1,1,0,0,0,0
1615,1,1,1,1,1,0,1,1,1,1
1616,1,1,1,1,1,1,1,1,1,1
1617,0,1,0,0,1,1,0,0,0,0
1618,1,1,1,1,1,1,1,0,1,1
1619,0,1,1,0,1,1,1,1,1,1
1620,1,1,1,1,1,1,1,0,0,1
1621,0,1,0,0,0,0,0,0,0,0
1622,0,1,0,0,0,0,0,0,0,0
1623,0,1,1,0,0,1,1,0,0,1
1625,0,1,0,0,0,1,0,0,0,1
1626,1,1,1,1,1,1,1,1,1,1
1627,0,1,1,0,1,1,0,0,1,0
1628,1,1,1,1,1,1,1,1,1,1
1630,0,1,0,0,0,0,0,0,1,0
1633,1,1,1,0,1,1,1,0,1,1
1634,1,1,0,1,1,1,1,1,1,0
1636,0,1,0,0,1,1,0,0,0,0
1637,0,1,0,0,0,0,0,0,0,0
1638,0,0,0,0,0,0,0,0,0,0
1639,1,1,1,1,1,1,1,0,1,1
1640,1,1,1,1,1,1,1,0,1,1
1641,0,0,0,0,0,0,0,0,0,0
1642,1,1,1,1,1,1,1,1,0,1
1643,0,0,0,0,0,1,1,0,0,0
1645,1,1,1,1,0,1,1,0,1,1
1647,0,1,0,0,0,0,0,0,0,0
1648,0,0,0,0,0,0,0,0,0,0
1649,0,1,0,0,0,1,1,0,0,1
1650,1,1,0,1,1,1,1,0,0,1
1651,0,0,0,0,0,0,0,0,0,0
1654,0,1,0,0,1,1,1,0,1,1
1656,0,1,0,0,1,1,1,0,1,1
1658,1,1,1,0,1,1,1,0,0,1
1659,1,1,1,1,1,1,1,0,0,0
1660,1,1,1,0,1,1,1,0,1,0
1661,0,0,0,0,0,0,0,0,0,0
1663,0,1,0,0,0,0,0,0,0,0
1665,1,1,1,1,1,1,1,0,1,1
1666,0,1,0,0,0,1,1,0,0,0
1667,1,1,0,1,0,1,1,1,1,1
1668,1,1,1,1,1,1,1,1,0,1
1669,1,0,1,1,1,1,1,0,1,1
1670,1,1,0,0,1,1,1,0,0,1
1673,1,1,1,1,1,1,1,1,1,1
1674,0,1,0,0,0,1,0,0,0,0
1675,1,1,1,0,0,1,1,0,0,0
1676,1,1,1,1,1,1,1,1,1,0
1678,0,1,0,0,0,0,0,0,0,0
1679,0,1,0,0,0,0,0,0,0,0
1683,0,0,0,0,0,0,0,0,0,0
1684,0,0,0,0,0,0,0,0,0,0
1685,1,1,1,1,1,1,1,0,1,1
1686,0,0,0,0,0,0,0,0,0,0
1688,0,1,0,0,0,0,0,0,0,0
1690,0,0,0,0,0,0,0,0,0,0
1691,0,1,0,0,0,0,0,0,0,0
1693,1,1,0,1,1,1,1,0,1,1
1695,0,1,1,1,1,1,0,0,1,1
1697,1,1,0,1,1,0,1,0,1,1
1698,0,0,0,0,0,0,0,0,0,0
1699,0,1,0,0,1,0,0,0,0,0
1700,1,1,1,1,1,1,1,1,1,1
1704,0,1,0,1,0,1,1,0,0,1
1707,0,0,0,0,0,0,0,0,0,0
1708,1,1,1,1,1,1,1,1,1,1
1710,0,1,0,0,0,1,0,0,0,0
1711,0,1,0,0,1,1,1,0,0,0
1712,0,1,0,1,1,1,0,0,0,0
1713,0,1,1,1,1,1,1,0,0,1
1716,1,1,0,1,1,1,1,0,1,1
1718,0,1,0,0,1,1,0,0,0,0
1719,0,1,1,0,0,1,1,0,1,1
1720,1,1,1,1,1,1,0,0,1,1
1721,1,1,1,1,1,1,1,0,1,1
1722,1,1,0,0,1,0,0,0,0,1
1723,0,1,0,0,1,0,0,0,0,0
1724,0,1,1,0,0,0,0,0,0,0
1725,0,1,0,0,0,0,0,0,0,0
1726,1,1,0,0,1,1,1,0,1,1
1727,0,1,0,0,0,0,0,0,0,0
1729,0,1,0,0,0,1,1,0,0,0
1730,1,1,1,1,1,1,1,1,1,1
1731,1,1,1,1,1,1,1,0,0,1
1732,1,1,0,0,0,1,1,0,1,0
1733,0,1,1,1,1,1,1,1,1,1
1734,0,1,0,1,0,1,0,0,0,0
1736,1,1,1,1,1,1,1,1,1,0
1737,0,1,0,0,0,0,0,0,0,0
1738,0,1,0,0,0,0,1,0,0,0
1739,1,1,1,1,1,1,1,0,1,1
1740,0,1,0,0,1,0,0,0,0,0
1741,0,1,1,1,1,1,1,0,1,1
1742,0,1,1,1,1,1,1,1,1,1
1743,0,0,0,1,0,1,1,1,1,0
1744,1,1,0,0,0,0,1,0,0,0
1745,0,1,0,0,0,1,1,0,0,0
1746,0,1,1,0,1,0,0,0,0,0
1747,0,0,0,0,0,0,0,0,0,0
1748,1,1,0,1,1,1,1,1,1,1
1749,0,1,1,1,1,1,1,0,1,1
1750,1,1,1,1,1,1,1,1,1,1
1751,0,1,0,0,1,0,0,0,0,0
1752,1,1,1,1,1,1,1,1,1,1
1753,0,1,0,0,0,0,0,0,0,0
1754,1,1,1,1,1,1,1,1,1,1
1755,0,0,0,0,1,0,1,0,0,0
1756,1,1,1,1,1,1,1,1,1,1
1757,1,1,1,0,1,1,1,1,0,1
1758,0,1,0,1,1,1,0,0,0,1
1759,0,1,0,0,0,1,0,0,0,0
1760,1,1,1,1,1,1,1,1,1,1
1761,0,0,0,0,0,0,0,0,0,0
1762,0,1,0,0,0,0,0,0,0,0
1763,0,1,1,1,1,1,1,1,1,1
1765,0,1,0,0,0,0,0,0,0,0
1766,0,1,1,0,1,1,1,0,0,0
1767,0,1,0,0,0,0,0,0,0,0
1768,1,1,1,0,1,1,1,1,1,1
1769,1,1,1,1,1,1,1,1,1,1
1770,0,0,0,0,0,0,0,0,0,0
1771,1,1,1,1,1,1,1,0,1,1
1772,1,1,1,1,1,1,1,0,1,1
1773,0,0,0,0,0,0,0,0,0,0
1774,1,1,0,1,1,1,1,1,0,1
1775,0,1,0,0,0,0,0,0,0,0
1776,0,1,0,0,0,0,0,0,0,1
1777,1,1,1,1,1,1,1,1,1,1
1779,0,1,0,0,1,1,1,0,0,0
1781,1,1,1,0,1,1,1,1,1,1
1782,0,1,0,0,0,1,1,0,0,0
1783,0,0,0,0,1,0,0,0,0,0
1784,1,1,0,1,1,1,1,1,1,1
1785,1,0,1,1,0,0,1,0,0,0
1786,1,1,0,0,1,1,1,0,0,0
1787,0,1,0,0,0,1,1,0,0,0
1788,1,1,1,0,1,1,1,0,1,1
1789,0,0,0,0,0,0,0,0,0,0
1790,0,0,0,0,0,0,0,0,0,0
1791,0,1,0,0,0,0,0,0,0,0
1792,1,1,0,0,1,0,1,0,0,0
1793,0,0,0,0,0,0,0,0,0,0
1794,1,1,1,1,1,1,0,1,1,1
1795,0,1,0,0,1,1,1,0,0,1
1796,0,0,0,0,0,0,0,0,0,0
1797,0,1,0,0,0,0,0,0,0,0
1798,1,1,1,1,1,1,1,0,1,0
1799,1,1,1,1,1,1,1,1,1,1
1800,0,0,0,0,0,0,0,0,0,0
1801,1,1,1,1,1,1,1,0,1,1
1803,0,0,0,0,0,0,0,0,0,0
1804,0,1,0,0,0,0,0,0,0,0
1805,0,1,0,1,0,1,0,0,0,1
1806,1,1,1,1,1,1,1,0,0,1
1807,1,1,0,0,1,1,1,0,0,1
1808,0,1,1,1,1,1,1,0,0,1
1809,1,1,1,0,0,1,1,0,0,0
1810,0,1,0,0,0,0,0,0,0,0
1811,1,1,1,1,1,1,1,0,1,1
1814,0,0,0,0,0,0,0,0,0,0
1815,0,1,0,1,1,1,1,0,0,1
1816,0,0,0,0,0,0,0,0,0,0
1817,0,1,0,0,0,1,1,0,0,0
1818,0,1,0,0,0,0,0,0,0,0
1819,0,0,0,0,0,0,0,0,0,0
1820,0,0,0,0,0,0,0,0,0,0
1821,0,1,0,0,0,0,0,0,0,0
1822,0,0,0,0,0,0,0,0,0,0
1823,0,1,0,0,0,0,0,0,0,0
1824,0,1,0,0,0,1,0,0,0,0
1825,0,0,0,0,0,0,0,0,0,0
1826,0,1,0,0,1,0,0,0,0,0
1827,1,1,1,1,1,1,1,1,1,1
1828,0,1,0,0,1,1,1,0,0,0
1829,0,1,1,1,1,1,1,0,0,0
1831,1,1,0,1,1,1,1,1,1,1
1832,0,1,0,0,0,0,0,0,0,0
1834,1,1,1,0,1,1,1,0,1,1
1835,1,1,1,1,1,1,1,1,0,1
1836,1,1,1,1,1,1,1,1,1,1
1837,0,1,0,NA,0,0,1,0,0,0
1838,1,1,1,1,1,1,1,1,1,1
1839,1,1,0,1,1,1,1,0,0,0
1840,1,1,1,1,1,1,1,1,1,1
1841,1,1,1,1,1,1,1,0,1,1
1842,0,0,0,0,0,0,0,0,0,0
1843,1,1,1,1,0,1,0,0,1,1
1844,0,1,0,0,0,0,0,0,0,0
1846,1,1,1,1,1,1,1,1,1,1
1847,1,1,1,0,1,1,1,1,1,1
1848,1,1,1,1,1,1,1,0,1,1
1849,1,1,1,1,1,1,1,1,1,1
1850,0,0,0,0,0,0,0,0,0,0
1851,0,0,0,0,0,0,0,0,0,0
1852,1,1,1,1,1,1,1,0,0,0
1853,0,1,0,1,0,1,1,0,0,0
1854,NA,1,0,0,0,0,0,0,0,0
1855,0,1,0,0,0,0,0,0,0,0
1856,0,0,0,0,0,0,0,0,0,0
1857,0,1,0,0,0,0,0,0,0,0
1860,0,1,0,0,0,0,0,0,0,0
1861,0,1,0,0,0,1,0,0,0,0
1863,1,1,1,0,1,1,1,0,1,1
1864,1,1,1,1,1,1,1,0,0,1
1865,0,1,0,0,0,1,0,0,0,0
1867,1,1,1,1,1,1,0,1,0,1
1870,0,1,0,0,1,0,1,1,1,0
1871,0,1,0,0,0,0,0,0,0,0
1873,0,1,0,0,0,1,1,0,0,0
1874,0,1,0,0,0,0,0,0,0,0
1875,0,1,1,0,1,1,1,0,1,1
1876,0,1,0,0,0,1,0,0,0,0
1877,1,1,1,0,1,1,1,0,1,1
1878,1,1,1,0,0,1,0,0,0,0
1880,0,1,0,0,1,0,0,0,0,0
1881,1,1,1,1,1,1,1,1,1,1
1882,0,0,0,0,0,0,0,0,0,0
1883,0,1,0,0,1,0,0,0,0,0
1884,0,1,0,0,0,0,0,0,0,0
1885,0,0,0,0,0,0,0,0,0,0
1886,0,1,0,0,1,0,0,0,1,1
1887,1,1,1,1,1,1,1,1,1,0
1888,0,1,1,0,0,1,1,0,1,1
1889,0,1,0,0,0,0,0,0,0,0
1890,0,0,0,0,0,0,0,0,0,0
1891,0,1,0,0,0,1,1,0,0,0
1892,0,0,0,0,0,0,0,0,0,0
1894,0,1,0,0,0,0,0,0,0,0
1895,1,1,1,1,1,1,1,1,1,1
1896,0,1,0,0,0,1,1,0,0,0
1897,0,1,0,0,0,0,0,0,0,0
1898,1,1,1,0,0,1,1,0,0,0
1899,1,1,1,1,1,1,1,1,1,1
1900,0,1,0,0,0,0,0,0,0,0
1901,1,1,1,1,1,1,1,0,0,1
1902,1,1,1,1,1,1,1,1,1,1
1903,0,1,0,0,0,1,1,0,0,0
1904,0,0,0,0,0,0,0,0,0,0
1905,1,1,0,0,0,0,0,0,0,0
1906,1,1,1,1,0,1,1,1,1,1
1907,1,1,1,0,1,1,1,0,0,1
1908,1,1,0,0,0,0,0,0,0,1
1909,0,0,0,0,0,0,0,0,0,0
1910,1,1,1,1,1,1,1,1,1,1
1911,0,0,0,0,0,0,0,0,0,0
1912,1,1,1,1,1,1,1,1,0,1
1913,0,1,1,1,1,1,1,1,1,1
1914,0,1,0,0,1,1,0,0,0,0
1915,0,0,0,0,0,0,0,0,0,0
1916,0,0,0,0,1,0,1,0,0,0
1917,1,1,1,1,1,1,1,1,1,1
1918,0,1,0,1,0,0,0,0,0,0
1919,0,0,0,0,0,0,1,0,0,0
1920,1,1,1,1,1,1,1,0,0,1
1922,0,1,0,0,0,1,0,0,0,0
1923,0,1,0,0,0,0,0,0,0,0
1924,1,1,1,1,1,1,1,0,1,1
1925,1,1,1,1,1,1,1,0,1,1
1926,1,1,1,1,1,1,0,1,0,1
1927,0,0,0,0,0,0,0,0,0,0
1928,1,1,1,1,1,1,1,0,1,0
1929,0,0,0,0,0,0,0,0,0,0
1930,0,1,0,0,1,1,0,0,0,0
1931,0,1,0,0,0,0,0,0,0,0
1933,0,0,0,0,0,0,0,0,0,0
1934,0,1,1,1,1,1,1,0,0,1
1935,0,0,0,0,0,0,0,0,0,0
1937,0,0,0,0,0,0,0,0,0,0
1938,1,1,1,1,1,1,1,1,1,1
1939,1,1,1,1,1,1,1,1,1,1
1940,1,1,1,1,1,1,1,0,1,1
1941,0,0,0,0,0,0,0,0,0,0
1942,0,1,1,1,1,1,1,0,1,1
1943,1,1,1,0,0,1,1,0,1,1
1944,1,1,1,1,1,1,1,1,1,1
1946,1,1,1,0,1,1,0,0,0,0
1948,0,1,0,1,0,1,0,0,0,0
1950,0,0,0,0,0,0,0,0,0,0
1951,0,1,0,0,0,0,0,0,0,0
1952,1,1,0,0,1,1,1,0,1,1
1953,1,1,0,1,1,1,1,0,0,0
1954,1,1,0,1,1,0,1,1,1,1
1955,0,0,0,0,0,0,0,0,0,0
1958,0,0,0,0,0,0,0,0,0,0
1959,0,1,0,0,0,0,0,0,0,0
1961,1,1,1,1,1,1,1,1,1,1
1963,0,0,0,0,0,0,0,0,0,0
1964,0,0,0,0,0,0,0,0,0,0
1965,0,0,0,0,0,0,0,0,0,0
1966,1,1,1,1,1,1,1,1,1,1
1968,1,1,1,0,1,1,1,1,1,1
1969,0,1,0,0,0,0,0,0,0,0
1970,0,1,NA,0,0,0,0,0,0,0
1971,0,1,0,0,0,0,0,0,0,0
1972,0,1,1,0,1,1,1,0,1,0
1973,0,0,0,0,0,0,0,0,0,0
1975,1,1,1,1,1,1,1,1,1,1
1976,0,0,0,0,0,0,0,0,0,0
1977,0,1,0,1,1,1,1,1,0,1
1978,0,0,0,0,0,0,0,0,0,0
1982,1,1,1,1,1,1,1,1,1,1
1983,0,1,0,0,0,1,0,0,0,0
1984,0,0,0,0,0,0,0,0,0,0
1985,0,1,0,0,0,0,0,0,0,0
1986,0,1,0,0,1,1,1,0,0,0
1993,0,0,0,0,0,0,0,0,0,0
1994,0,0,0,0,0,0,0,0,0,0
1995,0,0,0,0,0,0,0,0,0,0
1999,0,1,0,0,0,0,0,0,0,0
2000,1,0,1,1,1,1,1,1,0,1
2001,0,1,0,0,0,0,0,0,0,0
2002,0,0,0,0,0,0,0,0,0,0
2004,1,1,1,1,1,1,1,0,0,1
2005,0,1,0,0,0,0,0,0,0,0
2008,1,1,1,0,1,0,1,1,0,1
2009,1,1,1,1,1,1,1,1,1,1
2010,0,1,0,0,1,1,1,0,0,0
2011,0,1,0,0,0,1,1,0,0,0
2027,1,1,1,0,1,1,1,0,1,1
2029,0,0,0,0,0,1,0,0,0,0
2030,0,1,0,0,0,0,0,0,0,0
2032,0,1,0,0,1,0,1,1,1,1
2033,0,0,0,0,0,0,0,0,0,0
2034,0,1,0,0,0,0,0,0,0,0
2035,1,1,1,1,1,1,1,0,1,1
2036,1,1,1,1,1,1,1,0,1,1
2039,0,1,0,0,0,0,0,0,0,0
2041,0,0,0,0,0,0,0,0,0,0
2043,1,1,0,1,1,1,1,1,1,1
2044,1,1,1,1,1,1,1,1,1,1
2045,0,1,0,0,0,0,0,0,0,0
2046,0,1,0,0,0,0,0,0,0,0
2047,1,1,0,1,1,1,1,1,1,0
2048,1,1,1,0,1,1,1,0,0,0
2049,1,1,0,0,1,0,1,0,1,0
2051,0,0,0,0,0,0,1,0,0,0
2055,1,1,0,0,0,0,0,0,0,0
2058,1,1,1,0,1,1,1,1,1,1
2059,0,0,0,0,0,0,0,0,0,0
2063,0,1,1,1,1,1,1,0,0,1
2064,1,1,1,1,1,1,1,1,1,1
2067,1,1,1,1,1,1,1,1,0,1
2069,0,1,0,0,0,0,0,0,0,0
2070,0,1,0,0,1,1,1,0,0,1
2071,0,0,0,0,0,0,0,0,0,0
2072,0,1,0,0,1,0,1,0,0,0
2073,0,0,1,0,1,0,1,1,1,1
2074,1,1,1,1,1,1,1,1,1,1
2076,1,1,1,1,1,1,1,1,1,1
2077,0,1,0,0,0,1,0,0,0,0
2078,1,1,1,1,1,1,1,0,1,1
2080,0,1,1,1,1,1,1,0,1,0
2081,1,1,1,0,1,1,1,1,1,1
2082,0,1,0,0,0,1,1,0,0,0
2083,1,1,1,1,0,1,0,1,1,1
2085,0,1,1,0,1,1,1,0,0,0
2087,0,1,0,0,0,0,0,0,0,0
2088,0,1,0,0,0,1,0,0,0,0
2089,0,0,0,0,0,0,0,0,0,0
2090,1,1,0,0,0,1,1,0,0,1
2091,0,1,0,0,0,1,0,0,0,0
2094,0,1,0,1,1,1,1,1,1,0
2095,0,1,0,0,0,0,0,0,0,0
2096,0,1,1,0,1,1,1,1,1,1
2097,0,0,0,0,0,0,0,0,0,0
2098,1,1,1,0,1,1,1,0,1,1
2099,1,1,1,0,1,1,1,0,1,1
2101,0,1,0,0,0,0,0,0,0,0
2102,0,1,1,0,1,1,1,1,1,1
2104,0,0,0,0,0,0,0,0,0,0
2105,0,1,0,1,1,0,0,1,0,1
2106,0,1,0,0,0,0,0,0,0,0
2108,1,1,1,0,1,1,1,1,0,1
2109,0,1,0,0,0,1,0,0,0,1
2111,1,1,1,1,1,1,1,1,0,1
2112,0,1,0,0,1,1,1,1,1,1
2113,0,1,1,1,1,1,1,0,0,0
2115,0,1,1,0,0,1,1,0,1,0
2116,0,1,0,0,0,0,0,0,0,0
2117,0,1,0,0,1,0,1,0,0,0
2118,1,1,1,1,1,1,0,0,0,0
2119,0,0,0,0,0,0,0,0,0,0
2120,0,0,0,0,0,0,0,0,0,0
2121,0,1,1,1,1,1,1,0,1,1
2122,0,1,0,0,0,0,1,0,0,0
2123,0,1,0,0,1,1,1,0,0,0
2127,1,1,1,1,1,1,1,0,1,1
2129,1,1,1,0,1,1,0,0,0,0
2130,0,0,0,0,0,0,0,0,0,0
2131,1,1,1,1,1,1,1,0,1,1
2132,1,1,1,0,1,1,1,0,0,1
2134,0,0,0,0,0,0,0,0,0,0
2135,0,0,0,0,0,0,0,0,0,0
2136,0,0,0,0,0,0,0,0,0,0
2137,1,0,1,0,1,1,1,1,1,0
2138,0,0,0,0,0,0,1,0,0,0
2139,1,0,0,1,0,1,1,0,1,1
2140,0,1,0,0,0,0,0,0,0,0
2141,0,1,0,0,0,0,0,0,0,0
2142,1,1,1,0,1,1,1,0,1,0
2143,0,1,0,0,0,0,0,0,0,0
2144,1,1,1,1,1,1,1,1,1,1
2145,0,1,0,0,0,0,0,0,0,0
2147,0,0,0,0,0,0,0,0,0,0
2148,0,0,0,0,0,0,0,0,0,0
2149,1,1,0,1,1,1,1,1,1,1
2150,0,0,0,0,0,0,0,0,0,0
2151,1,1,1,0,1,1,1,1,0,0
2152,0,1,0,0,0,1,1,0,0,0
2153,0,0,0,0,0,0,0,0,0,0
2155,1,1,0,0,0,1,0,0,0,0
2157,0,1,0,0,1,0,0,0,0,0
2158,1,1,1,1,1,1,1,0,1,1
2159,1,1,0,0,1,1,1,0,0,0
2160,1,1,0,0,1,1,0,0,0,0
2161,0,1,0,0,0,0,0,0,0,0
2163,0,1,0,0,0,0,0,0,0,0
2165,1,1,1,0,1,1,1,1,0,1
2166,0,1,0,0,0,0,0,0,0,0
2167,0,1,0,0,0,0,0,0,0,0
2168,1,1,1,0,0,0,1,0,0,1
2169,1,1,1,0,1,1,0,0,1,1
2170,0,0,0,0,0,0,0,0,0,0
2171,0,1,1,1,1,0,0,1,1,0
2172,0,0,0,0,0,0,0,0,0,0
2173,1,1,1,0,1,1,1,0,0,1
2174,0,1,0,0,0,0,0,0,0,0
2176,0,1,1,0,1,0,0,1,0,1
2177,0,0,0,0,0,0,0,0,0,0
2178,0,1,0,0,0,1,0,0,0,0
2180,0,1,0,0,1,1,0,0,0,1
2181,1,1,1,1,1,1,1,0,1,1
2182,0,1,0,1,0,1,0,0,0,0
2183,0,1,0,1,1,1,1,0,1,1
2184,0,0,0,0,0,0,0,0,0,0
2185,0,1,0,0,1,1,1,0,0,1
2186,0,0,0,0,0,0,0,0,0,0
2188,0,1,0,0,0,0,0,0,0,1
2189,0,1,0,0,0,1,0,0,1,0
2190,0,1,0,0,0,0,0,0,0,0
2191,0,1,0,0,0,0,0,0,0,0
2193,0,1,0,1,1,0,1,0,0,0
2194,1,1,1,1,0,1,1,0,0,0
2195,1,1,1,1,1,1,1,1,1,1
2196,0,1,0,0,0,0,0,0,0,0
2197,0,1,0,0,0,0,0,0,0,0
2198,1,1,1,1,1,1,1,1,1,1
2202,1,1,0,0,0,0,1,1,0,0
2203,1,1,1,1,1,1,1,1,1,1
2205,0,0,0,0,0,0,0,0,0,0
2207,1,1,1,1,1,0,1,0,0,1
2208,0,1,0,0,0,0,0,0,0,0
2211,0,0,0,0,0,0,0,0,0,0
2212,NA,1,0,NA,0,NA,0,0,0,0
2214,0,1,0,0,0,1,0,0,0,0
2215,1,1,0,1,1,1,1,1,1,1
2216,0,1,1,0,1,1,0,0,0,0
2217,1,1,1,1,1,1,1,0,1,1
2218,0,1,1,1,1,1,1,1,1,1
2219,1,1,0,1,1,1,1,0,1,0
2220,0,1,0,0,0,0,1,0,0,1
2223,0,1,0,0,0,0,0,0,0,0
2224,0,1,0,0,0,1,0,0,0,0
2225,0,0,0,0,0,0,0,0,0,0
2226,0,1,0,1,1,1,1,1,0,0
2229,0,1,1,1,0,0,0,0,0,0
2230,1,1,1,1,1,1,1,0,0,0
2232,1,1,0,0,0,1,1,0,0,1
2234,1,1,1,0,1,1,1,0,1,0
2235,0,0,0,0,0,0,0,0,0,0
2237,1,1,0,0,1,1,1,0,1,1
2238,0,1,1,0,0,1,0,0,0,0
2239,0,1,0,1,1,1,1,1,1,1
2240,0,1,1,0,1,1,1,0,1,1
2241,0,1,1,1,1,0,0,0,0,0
2245,0,0,0,0,0,0,0,0,0,0
2247,0,1,1,0,1,1,0,0,0,1
2248,0,0,0,0,0,0,0,0,0,0
2253,0,1,0,0,0,0,1,0,0,0
2255,0,1,0,0,0,0,0,0,0,0
2256,0,1,0,0,0,0,0,0,0,0
2259,0,1,0,0,1,0,0,0,0,0
2260,1,1,0,0,0,1,1,0,0,0
2265,0,0,0,0,0,0,0,0,0,0
2266,0,0,0,0,0,0,0,0,0,0
2267,0,0,0,0,0,0,0,0,0,0
2268,1,1,1,1,1,0,1,1,1,1
2269,1,1,1,1,1,1,1,0,1,1
2270,1,1,1,1,1,1,1,0,1,1
2273,1,1,1,1,1,1,1,1,1,1
2274,0,0,0,0,0,0,0,0,0,0
2275,0,0,0,0,0,0,0,0,0,0
2277,1,1,1,1,1,1,1,0,1,1
2278,0,1,0,0,0,0,0,0,0,0
2279,1,1,1,1,1,1,1,1,1,1
2280,0,1,1,1,1,1,1,1,0,1
2283,0,0,0,0,0,0,0,0,0,0
2285,1,1,1,0,1,1,1,1,0,1
2287,1,1,1,1,1,1,1,1,1,1
2289,1,1,1,0,1,1,1,0,1,1
2292,0,1,1,1,1,1,1,1,1,1
2294,0,0,0,0,0,0,0,0,0,0
2297,0,1,0,0,0,0,0,0,0,0
2300,0,1,0,0,0,1,1,0,0,0
2303,0,1,0,0,1,0,1,0,1,0
2304,1,1,0,0,1,1,0,0,0,0
2306,1,1,1,1,1,1,1,1,1,1
2307,0,1,0,0,0,0,0,1,0,0
2309,0,0,0,0,0,0,0,0,0,0
2312,1,1,1,0,1,1,1,0,1,1
2315,0,1,0,0,1,1,0,0,0,1
2317,0,0,0,0,0,0,0,0,0,0
2318,0,0,0,0,0,0,0,0,0,0
2319,1,1,1,1,1,1,1,1,1,1
2320,1,1,1,1,0,1,1,0,1,1
2321,1,1,1,1,1,1,1,1,1,1
2322,1,1,1,0,1,1,0,0,1,1
2324,0,0,0,0,1,1,1,0,0,1
2327,1,1,1,1,1,1,1,0,0,1
2328,0,0,0,0,0,0,0,0,0,0
2329,1,1,1,1,1,1,1,0,1,0
2330,1,1,1,0,1,1,1,0,1,0
2332,1,1,1,0,1,1,1,1,1,1
2333,0,1,0,1,1,1,0,0,0,1
2335,0,0,0,0,0,0,0,0,0,0
2336,0,1,1,1,1,1,1,0,0,1
2337,0,1,1,0,0,1,1,0,0,0
2338,1,1,1,1,1,0,1,0,0,1
2339,0,0,0,0,0,0,0,0,0,0
2343,0,1,0,0,0,1,0,0,0,0
2349,0,0,0,0,0,0,0,0,0,0
2350,0,0,0,0,0,0,0,0,0,0
2351,0,1,0,0,1,1,0,0,0,0
2353,0,1,1,0,0,1,1,0,0,1
2355,0,1,1,0,1,1,1,1,1,1
2357,0,1,0,0,0,0,0,0,0,0
2358,0,0,0,0,0,0,0,0,0,0
2359,1,1,0,0,1,1,0,0,0,0
2361,1,1,1,0,1,1,1,0,0,1
2362,0,0,0,0,0,0,0,0,0,0
2365,1,1,1,0,1,1,1,0,1,1
2366,0,0,0,0,0,0,0,0,0,0
2367,1,1,1,1,1,1,1,1,1,1
2369,0,1,1,0,1,0,0,0,1,0
2370,1,1,1,1,1,1,1,0,1,0
2371,1,1,1,0,0,1,1,1,1,1
2372,0,1,0,0,0,0,0,0,0,0
2373,0,0,0,0,0,0,0,0,0,0
2375,1,1,1,1,1,1,1,1,1,1
2379,0,0,0,0,0,0,0,0,0,0
2380,0,1,0,1,0,1,1,0,0,0
2382,0,1,0,0,0,1,1,0,0,0
2384,1,0,0,0,1,1,1,0,0,0
2385,0,1,0,0,0,0,0,0,0,0
2386,0,1,0,0,0,1,1,0,0,0
2387,0,1,0,0,1,1,1,0,0,1
2389,1,1,1,1,1,1,1,1,1,1
2390,1,1,1,1,1,1,1,0,1,1
2392,1,1,0,0,1,1,1,0,1,0
2393,0,1,0,0,0,0,0,0,0,0
2394,1,1,1,1,1,1,1,1,1,1
2396,0,1,1,1,1,1,1,1,1,1
2397,1,1,1,1,1,1,1,1,1,1
2398,1,1,1,1,1,1,1,0,1,1
2399,1,1,1,0,1,1,0,0,0,1
2400,0,1,1,1,1,1,1,1,0,1
2401,0,1,0,0,0,1,1,0,0,1
2403,1,1,1,1,1,1,0,0,1,0
2404,0,0,0,0,0,0,0,0,0,0
2405,0,0,0,0,0,0,0,0,0,0
2407,1,1,1,1,1,0,0,0,1,0
2408,1,1,1,1,1,1,1,1,1,1
2409,0,1,0,0,0,1,0,0,0,0
2410,0,0,0,0,0,0,0,0,0,0
2412,0,0,0,0,0,0,0,0,0,0
2413,0,1,0,0,0,1,1,0,0,0
2414,0,1,0,0,0,1,0,0,0,1
2415,0,1,0,0,0,1,0,0,0,0
2416,0,0,0,0,0,0,0,0,0,0
2417,0,0,0,0,0,0,0,0,0,0
2418,0,0,0,0,0,0,0,0,0,0
2419,0,1,0,0,0,1,1,0,0,0
2420,0,0,0,0,0,0,0,0,0,0
2421,0,0,0,0,0,0,0,0,0,0
2422,0,1,0,0,0,0,0,0,0,0
2423,0,1,1,1,0,1,1,0,1,0
2425,0,1,0,0,0,0,0,0,0,0
2427,0,1,0,0,1,1,1,0,0,0
2428,0,0,NA,0,0,0,0,NA,NA,0
2429,0,1,0,1,1,1,1,0,0,0
2431,0,1,0,0,0,0,0,0,0,0
2433,0,0,0,1,0,0,1,0,0,1
2434,0,NA,0,0,0,1,1,0,0,0
2435,0,1,0,0,0,1,1,0,0,1
2436,0,1,0,0,0,0,0,0,0,0
2437,0,1,0,0,1,0,0,0,0,0
2438,0,1,0,0,0,0,0,0,0,0
2439,0,1,0,0,0,0,0,0,0,0
2441,0,1,0,0,0,1,0,0,0,1
2442,0,0,0,0,0,0,0,0,0,0
2443,0,0,0,0,0,0,0,0,0,0
2444,0,1,0,0,0,0,0,0,0,0
2445,1,1,1,1,1,1,1,0,0,0
2446,1,1,1,0,1,0,0,0,0,1
2448,0,1,0,0,0,1,0,0,0,0
2449,1,1,0,0,0,0,0,0,0,0
2450,0,0,0,0,0,0,0,0,0,0
2451,1,1,1,0,1,1,1,0,1,1
2453,1,1,0,1,1,1,0,0,1,1
2454,1,1,1,1,1,1,1,1,0,1
2455,0,0,0,0,0,0,0,0,0,0
2457,0,0,0,0,1,0,0,0,0,0
2458,1,1,0,1,1,1,1,1,0,1
2459,0,0,0,0,0,0,1,0,0,0
2460,0,1,0,0,1,1,1,0,0,1
2463,0,0,0,0,0,0,0,0,0,0
2465,0,1,0,0,0,1,0,0,0,1
2466,0,0,0,0,0,0,0,0,0,0
2467,0,0,0,0,0,0,0,0,0,0
2468,0,0,0,0,0,0,0,0,0,0
2469,1,1,1,1,1,1,0,1,0,1
2470,1,1,1,1,1,1,1,0,0,1
2471,0,1,0,0,0,0,0,0,0,0
2473,1,1,1,1,1,1,1,0,0,1
2474,1,1,1,0,1,1,1,0,1,1
2475,0,0,0,0,0,0,0,0,0,0
2477,0,1,0,0,0,0,0,0,0,0
2479,0,0,0,0,0,0,0,0,0,0
2480,0,1,0,0,0,NA,0,0,0,0
2481,0,0,0,0,0,0,0,0,0,0
2482,1,1,1,1,0,1,1,0,0,1
2483,0,1,0,0,0,0,0,0,0,0
2484,0,1,1,1,0,1,1,1,0,0
2487,0,1,0,0,0,0,0,0,0,0
2489,0,0,0,0,0,0,0,0,0,0
2490,0,0,NA,0,0,0,0,0,0,0
2491,1,1,1,1,1,1,1,0,1,1
2492,0,0,0,0,0,0,0,0,0,0
2493,0,0,0,0,0,0,0,0,0,0
2494,0,1,0,0,1,1,1,1,0,1
2495,0,1,0,0,0,1,1,0,0,0
2496,0,1,0,0,0,0,0,0,0,0
2497,0,1,0,0,0,0,0,0,0,0
2500,1,1,1,1,1,1,1,0,1,1
2501,1,1,1,1,1,1,1,1,1,1
2502,0,0,0,0,0,0,0,0,0,0
2503,0,0,0,0,0,0,0,0,0,0
2505,0,0,0,0,0,0,0,0,0,0
2506,1,1,1,1,1,1,1,1,1,1
2507,1,1,1,1,1,1,0,1,1,1
2508,1,1,1,1,1,1,1,0,1,1
2511,0,0,0,0,0,0,0,0,0,0
2512,0,1,0,0,0,0,0,0,0,0
2513,0,1,0,0,0,1,0,1,0,0
2514,0,1,0,0,0,0,0,0,0,0
2516,0,0,0,0,0,0,0,0,0,0
2517,0,1,0,0,0,0,0,0,0,0
2518,0,0,0,0,0,0,0,0,0,0
2519,0,0,0,0,0,0,0,0,0,0
2520,0,0,0,0,0,0,0,0,0,0
2521,0,1,0,0,0,0,0,0,0,0
2522,1,1,1,1,1,1,1,1,1,1
2523,0,0,0,0,0,0,0,0,0,0
2524,0,1,0,1,1,1,1,0,0,1
2525,1,1,0,1,1,1,0,0,0,1
2526,0,1,0,0,1,1,1,0,0,0
2528,0,0,0,0,0,0,0,0,0,0
2531,1,1,1,1,1,1,1,1,1,1
2532,1,1,1,1,1,1,1,1,1,0
2533,0,0,0,0,0,0,0,0,0,0
2534,0,0,0,0,0,0,0,0,0,0
2536,0,0,0,0,0,1,0,0,0,1
2539,0,1,0,0,1,0,1,0,0,1
2541,0,0,0,0,0,0,0,0,0,0
2542,0,0,0,0,0,0,0,0,0,0
2544,0,1,1,0,1,1,0,0,0,1
2545,0,1,0,0,0,0,0,0,0,1
2547,0,0,0,0,0,0,0,0,0,0
2548,0,1,0,0,0,0,0,0,0,0
2550,1,1,1,1,1,1,1,1,1,1
2551,0,0,0,0,0,0,0,0,0,0
2553,1,1,1,1,1,1,1,1,0,1
2554,1,1,1,1,1,1,1,0,1,1
2555,1,1,1,1,1,1,1,0,1,1
2556,0,1,1,0,1,1,1,0,1,1
2557,0,0,0,0,0,0,0,0,0,0
2559,0,1,0,0,1,1,0,0,0,0
2560,0,1,0,0,0,0,0,0,0,0
2561,0,1,0,0,0,0,0,0,0,0
2562,0,1,0,0,1,1,1,0,0,0
2563,0,1,1,0,1,1,1,1,1,1
2564,0,0,0,0,0,0,0,0,0,0
2565,1,1,1,1,1,1,1,1,1,1
2567,0,0,0,0,0,0,0,0,0,0
2568,0,0,0,0,0,0,0,0,0,0
2569,0,0,0,0,0,0,0,0,0,0
2570,0,1,0,0,0,0,0,0,0,0
2571,1,1,1,1,1,1,1,1,1,1
2573,0,1,0,0,0,0,0,0,0,0
2574,1,1,1,1,1,1,1,1,0,1
2575,0,0,0,0,0,0,0,0,0,0
2576,0,1,0,0,0,0,0,0,0,0
2577,0,0,0,0,0,0,0,0,0,0
2578,1,1,1,0,1,1,1,0,0,1
2579,1,1,1,0,1,1,0,0,1,0
2581,0,1,0,0,0,0,0,0,0,0
2583,0,1,0,0,0,0,0,0,0,0
2585,0,1,0,0,0,1,0,0,0,0
2586,0,1,0,0,1,0,1,0,0,1
2587,0,1,1,1,1,1,1,1,0,1
2588,0,0,0,0,0,0,0,0,0,0
2589,1,1,1,0,1,1,1,1,0,1
2590,0,0,0,0,NA,0,0,0,0,0
2591,0,0,0,0,0,0,0,0,0,0
2592,1,1,0,0,0,1,1,0,0,1
2593,0,1,0,1,0,0,0,1,0,0
2594,0,1,0,0,0,0,0,0,0,0
2596,0,1,1,1,0,1,1,0,0,0
2597,0,0,0,0,0,0,0,0,0,0
2599,1,1,0,1,1,0,1,0,1,1
2601,1,1,1,0,0,1,1,0,1,1
2602,0,1,0,0,0,0,0,0,0,0
2603,1,1,1,1,1,1,1,1,1,1
2604,1,1,1,1,1,0,1,1,0,1
2605,1,1,1,0,0,0,1,0,0,1
2607,0,0,0,0,0,0,0,0,0,0
2608,0,0,0,0,0,0,0,0,0,0
2614,0,0,0,0,0,0,0,0,0,0
2620,0,1,0,0,0,0,1,0,0,0
2624,0,0,0,0,0,0,0,0,0,0
2625,1,1,1,1,1,1,1,1,1,1
2628,0,0,0,0,0,0,0,0,0,0
2632,1,1,1,1,1,1,1,0,1,1
2633,0,1,0,0,0,0,0,0,0,0
2634,0,0,0,0,0,0,0,0,0,0
2635,0,1,0,0,0,0,0,0,0,0
2642,0,1,0,0,0,0,1,0,0,0
2643,1,1,1,1,1,1,1,1,1,1
2644,1,1,1,0,1,1,1,0,1,1
2645,1,1,1,1,1,1,1,1,1,1
2646,1,1,1,1,1,1,1,1,1,1
2647,0,0,0,0,0,0,0,0,0,0
2648,0,0,0,0,0,0,0,0,0,0
2649,1,1,0,0,0,1,0,0,0,0
2650,0,0,0,0,0,0,0,0,0,0
2652,1,1,1,1,1,1,0,1,1,1
2653,1,1,1,1,1,1,1,1,1,1
2655,0,1,0,0,0,0,1,0,0,0
2656,0,1,0,0,1,1,0,0,0,0
2657,0,1,0,0,0,1,0,0,0,0
2658,0,1,1,1,1,1,1,1,0,0
2659,1,1,1,1,1,1,1,1,1,1
2660,0,1,1,0,1,1,1,0,1,1
2661,0,0,0,0,0,0,0,0,0,0
2662,0,1,1,1,1,0,0,0,1,1
2663,0,1,0,0,0,1,0,0,0,0
2664,0,1,0,0,0,0,0,0,0,0
2666,0,1,0,0,0,0,0,1,0,0
2668,1,1,1,1,1,1,1,1,1,1
2669,0,1,0,0,0,1,1,0,0,0
2671,0,1,0,0,0,0,0,0,0,0
2672,1,1,1,1,1,1,1,1,0,0
2673,0,0,0,0,0,0,0,0,0,0
2674,1,1,0,1,0,1,0,1,1,1
2675,1,1,0,1,1,1,1,1,1,1
2677,0,1,0,0,0,0,0,0,0,0
2678,0,1,1,1,1,1,1,1,0,1
2681,1,1,1,1,1,1,1,1,1,1
2682,1,1,0,0,0,1,0,0,0,1
2683,1,1,0,0,0,1,0,0,0,1
2684,1,1,1,0,1,0,1,1,0,1
2687,1,1,1,1,1,1,1,1,1,1
2688,1,1,1,1,1,1,1,0,1,1
2689,0,0,0,0,0,0,0,0,0,0
2690,1,1,1,1,1,1,1,1,0,1
2691,0,0,0,0,0,0,0,0,0,0
2692,1,1,1,1,1,1,1,1,NA,1
2693,0,1,0,0,1,0,1,0,0,0
2694,0,1,0,0,0,0,0,0,0,0
2695,1,1,1,1,1,1,1,1,0,1
2696,1,1,1,1,1,1,1,1,1,1
2697,0,1,0,0,0,0,0,0,0,0
2698,1,1,1,1,1,1,1,1,1,1
2699,0,0,0,0,0,0,0,0,0,0
2700,1,1,0,1,1,1,1,0,1,1
2701,1,1,1,1,1,1,1,0,1,1
2703,0,1,0,0,1,1,1,0,0,1
2704,0,0,0,0,0,0,0,0,0,0
2705,1,1,1,0,1,1,1,0,0,0
2706,0,0,0,0,0,0,0,0,0,0
2707,0,1,0,0,0,1,1,0,0,0
2708,0,0,0,0,0,0,0,0,0,0
2709,1,1,1,1,0,1,1,0,0,1
2710,1,1,1,1,1,1,1,1,1,1
2711,0,1,0,0,0,0,0,0,0,0
2712,1,1,1,1,1,1,1,1,1,1
2715,0,1,0,0,0,0,0,0,0,0
2716,0,0,0,0,0,0,0,0,0,0
2717,0,1,0,1,1,1,1,1,1,1
2719,1,1,1,1,1,1,1,0,0,1
2720,1,1,0,0,0,0,1,0,0,0
2722,0,0,0,0,0,0,0,0,0,0
2723,1,1,0,0,0,1,1,0,0,1
2724,0,0,0,0,0,0,0,0,0,0
2726,1,1,1,1,1,1,1,1,1,1
2728,1,1,0,0,1,1,1,0,0,1
2729,0,0,0,0,0,0,0,0,0,0
2730,0,0,0,0,0,1,0,0,0,0
2732,0,1,0,0,0,1,1,0,0,0
2733,1,1,0,0,0,0,1,0,0,1
2735,1,1,0,1,1,1,1,1,0,1
2736,1,1,1,1,1,1,1,1,1,1
2738,1,1,1,1,1,1,1,1,1,1
2741,1,1,1,1,1,1,1,0,1,1
2742,0,1,1,1,1,1,1,0,0,1
2743,1,1,1,1,1,1,1,1,0,1
2744,0,0,0,0,0,0,0,0,0,0
2746,0,0,0,0,0,0,0,0,0,0
2747,1,1,0,1,1,1,1,0,0,1
2748,0,1,0,0,0,1,0,0,0,0
2752,0,0,0,0,0,0,0,0,0,0
2753,0,1,0,0,1,1,1,0,0,0
2757,0,1,0,0,0,0,0,0,0,0
2758,1,1,1,1,1,1,1,0,1,1
2759,0,1,0,0,0,0,0,0,0,0
2760,0,0,0,0,0,0,0,0,0,0
2763,1,1,1,1,1,1,1,0,1,1
2764,1,1,1,1,1,1,1,1,1,1
2766,0,1,0,0,0,0,0,0,0,0
2767,0,1,0,0,0,0,0,0,0,0
2768,0,0,0,0,0,0,0,0,0,0
2771,1,1,1,1,1,1,1,1,1,1
2773,0,1,0,0,0,0,0,0,0,0
2774,0,1,1,0,1,1,1,0,1,1
2775,0,1,0,1,0,1,1,0,0,1
2776,0,1,0,0,0,0,0,0,0,0
2777,0,0,0,0,0,0,0,0,0,0
2778,0,0,0,0,0,0,0,0,0,0
2779,0,1,1,1,1,1,1,0,1,1
2780,0,1,0,0,0,0,0,0,0,0
2781,0,1,0,0,0,0,0,0,0,0
2782,1,1,1,0,1,1,1,0,0,0
2783,1,1,1,1,1,1,1,1,1,1
2784,1,1,1,1,1,1,1,1,1,1
2786,0,0,0,0,0,0,0,0,0,0
2787,0,1,0,0,1,1,0,0,0,1
2788,0,0,0,0,0,0,0,0,0,0
2789,0,1,0,0,0,0,0,0,0,0
2790,1,1,1,1,1,1,1,1,1,1
2793,0,0,0,0,0,0,0,0,0,0
2794,1,1,1,1,1,1,1,1,1,1
2795,0,1,0,0,NA,0,0,0,0,0
2798,1,1,1,1,1,1,1,1,0,1
2799,0,1,0,1,0,1,1,0,0,1
2800,1,1,1,1,1,1,1,0,1,1
2804,0,1,0,0,0,1,1,0,0,0
2805,0,0,0,0,0,0,0,0,0,0
2806,0,1,0,0,0,0,0,0,0,0
2807,1,1,0,1,1,1,1,0,1,0
2808,1,1,0,1,1,0,1,1,0,1
2809,0,1,0,0,0,0,0,0,0,0
2810,1,1,1,0,0,0,1,0,0,0
2811,0,0,0,0,0,0,0,0,0,0
2812,0,0,0,0,0,0,0,0,0,0
2813,1,1,0,0,1,1,1,0,0,0
2814,1,1,0,0,1,1,1,0,1,1
2815,0,1,0,0,0,0,0,0,0,0
2816,0,1,0,0,0,1,0,0,0,0
2817,0,1,0,0,0,0,0,0,0,0
2818,1,1,1,1,1,1,1,1,1,1
2821,1,1,1,0,0,1,1,0,1,1
2822,0,1,0,0,0,0,0,0,0,0
2824,1,1,1,1,1,1,1,1,1,1
2825,0,1,0,0,1,1,0,0,0,0
2827,0,0,0,0,0,0,0,0,0,0
2828,0,0,0,0,0,0,0,0,0,0
2831,0,1,1,1,1,1,1,1,0,1
2832,1,1,1,0,0,1,1,0,0,1
2834,1,1,1,1,0,1,1,0,1,1
2835,1,1,1,1,1,1,1,1,1,1
2836,0,1,0,0,0,0,1,0,0,0
2837,0,0,0,0,0,0,0,0,0,0
2839,0,0,0,0,0,0,0,0,0,0
2840,0,0,0,0,0,0,0,0,0,0
2843,1,1,1,0,0,1,1,0,0,1
2844,0,1,0,0,1,0,0,0,0,0
2846,0,0,0,0,1,0,0,0,0,0
2849,1,1,1,1,1,1,1,1,1,1
2850,1,1,0,1,0,1,1,0,0,1
2851,1,1,1,0,1,1,1,1,0,1
2853,0,1,1,0,1,1,0,0,0,0
2854,0,1,0,0,0,0,0,0,0,0
2856,0,0,0,0,0,1,0,0,0,0
2858,1,1,0,1,1,1,1,1,1,0
2859,0,1,0,0,0,0,0,0,0,0
2860,0,0,0,0,0,0,0,0,0,0
2861,0,0,0,0,0,0,0,0,0,0
2864,0,1,0,0,0,0,0,0,0,0
2868,0,1,1,0,1,1,1,0,0,1
2871,0,1,0,0,0,1,1,0,0,0
2878,0,1,1,1,1,1,1,0,1,1
2880,0,1,0,0,0,0,0,0,0,0
2881,1,1,1,0,1,0,1,0,0,1
2883,0,0,0,0,0,0,0,0,0,0
2884,0,1,0,0,0,0,0,0,0,0
2885,1,1,1,1,1,0,1,0,0,1
2887,1,1,1,1,1,1,1,0,1,1
2904,0,1,0,0,0,0,0,0,0,0
2905,1,1,1,1,1,1,1,1,0,1
2906,0,1,0,1,0,0,0,0,1,0
2907,0,1,0,0,0,1,0,0,0,0
2908,0,1,0,0,0,0,0,0,0,0
2911,1,1,1,1,0,1,1,0,1,1
2913,0,0,0,0,0,0,1,0,0,0
2914,1,1,1,0,1,1,1,0,0,1
2915,0,1,1,0,1,1,0,1,0,1
2917,0,0,0,0,0,0,0,0,0,0
2918,1,1,1,1,1,1,1,1,1,1
2919,NA,1,NA,NA,0,NA,NA,NA,NA,NA
2920,1,1,0,1,0,1,1,0,0,1
2921,0,0,0,0,0,0,0,0,0,0
2922,0,0,0,0,0,0,0,0,0,0
2925,0,1,0,0,0,0,0,0,0,1
2927,0,1,0,0,0,0,0,0,0,0
2929,1,1,1,1,1,1,1,1,0,1
2931,0,0,0,0,0,0,0,0,0,0
2932,0,0,0,0,0,0,0,0,0,0
2933,0,1,0,0,0,0,0,0,0,0
2934,1,1,1,1,1,1,1,1,1,1
2936,0,0,0,0,0,0,0,0,0,0
2937,0,1,NA,0,0,0,0,NA,0,0
2938,0,1,0,0,0,1,0,0,0,0
2939,1,1,1,1,1,1,1,0,1,0
2940,1,1,1,1,1,1,1,0,1,1
2942,0,1,0,1,0,1,0,1,1,1
2944,0,0,0,0,0,0,0,0,0,0
2946,1,1,1,1,1,1,1,1,1,1
2947,0,0,0,0,0,0,0,0,0,0
2949,0,1,0,0,1,1,1,0,1,1
2950,1,1,0,0,1,1,1,0,1,0
2951,1,1,1,1,1,1,1,1,1,1
2952,0,1,0,0,1,1,1,0,0,1
2953,1,1,1,0,1,1,1,0,1,1
2954,0,0,0,0,0,0,0,0,0,0
2955,0,1,0,0,0,1,1,0,0,0
2956,0,1,0,0,0,0,0,0,0,0
2959,1,1,1,1,1,1,1,1,1,1
2963,0,0,0,0,0,0,0,0,0,1
2964,1,1,1,0,1,1,1,0,0,1
2968,1,1,1,1,1,1,1,1,1,1
2969,1,1,1,0,1,1,1,0,0,1
2970,1,1,0,0,0,0,0,0,0,0
2971,0,1,1,1,1,1,1,1,1,1
2973,0,0,0,0,0,0,0,0,0,0
2976,1,1,1,0,1,1,1,0,1,1
2978,0,1,0,0,0,0,0,0,0,0
2979,0,0,0,0,0,0,0,0,0,0
2980,0,0,0,0,0,0,0,0,0,0
2982,1,1,1,1,1,1,1,0,1,1
2986,0,0,0,0,0,0,0,0,0,0
2987,0,1,0,0,0,0,0,0,0,0
2988,1,1,1,0,1,1,1,1,1,1
2990,0,0,0,0,0,0,0,0,0,0
2996,1,1,1,0,1,1,1,1,1,1
2997,0,1,0,0,0,0,0,0,0,0
3017,0,1,0,0,0,0,0,0,0,0
3018,0,1,0,0,0,0,0,0,0,0
3023,1,1,1,1,1,1,1,1,0,1
3024,1,1,0,0,1,0,1,0,0,0
3026,1,1,1,1,1,1,1,0,1,1
3027,0,1,1,0,1,1,1,0,1,0
3028,0,0,0,0,0,0,0,0,0,0
3029,1,1,0,1,0,1,1,0,0,1
3030,1,1,1,1,1,1,1,1,1,1
3033,1,1,1,0,1,1,0,0,0,1
3034,1,1,1,1,1,1,1,0,1,0
3035,0,0,0,0,1,0,0,0,0,0
3036,0,0,0,0,0,1,0,0,0,0
3037,0,0,0,0,0,0,0,0,0,0
3038,1,1,1,0,1,1,1,0,1,1
3039,1,1,0,1,1,1,1,1,1,1
3042,0,0,0,0,0,0,0,0,0,0
3043,0,1,0,0,1,1,0,0,0,0
3044,0,1,0,0,0,0,0,0,0,0
3047,0,0,0,0,0,1,0,0,0,0
3049,0,1,0,1,0,1,0,0,0,0
3050,1,1,1,0,1,1,1,0,1,1
3051,0,1,0,0,0,1,1,0,0,0
3052,0,0,0,0,0,0,0,0,0,0
3053,0,1,0,0,0,0,0,0,0,0
3054,0,1,0,0,0,1,0,0,0,0
3055,0,1,0,0,0,0,0,0,0,0
3056,0,0,0,0,0,0,0,0,0,0
3058,0,0,0,0,0,0,0,0,0,0
3059,1,1,1,0,1,1,1,0,1,1
3060,0,1,0,0,0,0,0,0,0,0
3061,1,1,1,1,1,1,1,1,0,0
3062,1,1,0,1,1,1,1,0,1,1
3064,1,1,1,1,1,1,1,0,1,1
3065,1,1,0,1,1,1,1,1,1,1
3066,1,1,1,1,0,1,1,1,1,1
3067,0,1,0,0,0,1,0,0,0,0
3070,0,1,0,0,0,0,0,0,0,0
3071,0,0,0,0,0,0,0,0,0,0
3072,0,1,1,1,1,1,0,1,0,1
3073,0,0,0,0,0,0,0,0,0,0
3074,0,0,0,0,0,0,0,0,0,0
3075,1,1,1,1,1,1,1,0,1,1
3076,0,0,0,0,0,0,0,0,0,0
3077,1,1,1,1,1,1,1,0,0,1
3078,1,1,1,1,1,1,1,1,1,1
3080,1,1,1,0,1,1,1,0,1,1
3081,0,0,0,0,0,0,0,0,0,0
3082,0,1,0,1,0,1,0,0,0,1
3084,1,1,1,0,1,1,1,1,0,1
3086,0,0,0,0,0,0,0,0,0,0
3088,1,1,1,1,1,1,1,0,1,0
3090,0,0,0,0,0,0,0,0,0,0
3091,1,1,0,1,1,1,1,1,1,1
3092,0,0,0,0,1,0,0,0,0,0
3093,0,0,0,0,0,0,0,0,0,0
3095,0,1,0,0,0,1,0,0,0,0
3097,0,1,0,0,0,0,0,0,0,0
3098,0,1,0,0,0,0,0,0,0,0
3099,0,0,0,0,0,0,1,0,0,0
3100,0,0,0,0,0,0,0,0,0,0
3101,0,1,1,0,0,1,1,0,0,1
3102,0,0,0,0,0,0,0,0,0,0
3103,0,1,0,0,0,0,0,0,0,0
3104,0,1,1,1,1,1,0,1,1,1
3105,1,1,1,1,1,1,1,1,1,1
3106,0,0,0,0,0,0,0,0,0,0
3107,0,1,0,0,0,0,0,0,0,0
3108,0,1,0,0,0,0,0,0,0,0
3109,0,0,0,0,0,0,0,0,0,0
3110,0,1,0,1,0,1,1,1,0,0
3111,0,1,0,0,0,1,1,0,0,0
3112,0,1,0,0,0,0,0,0,0,0
3114,0,0,0,0,0,0,0,0,0,0
3115,1,1,0,1,1,1,1,0,0,1
3117,0,1,0,0,0,1,1,0,0,0
3120,1,1,1,0,0,1,1,1,0,1
3121,0,1,1,1,1,1,1,1,0,1
3122,0,1,0,0,0,1,1,0,0,0
3124,0,1,1,1,1,1,1,0,1,1
3125,1,1,1,1,1,1,1,0,0,1
3126,1,1,1,0,1,1,1,0,0,1
3127,0,1,0,0,0,1,1,0,0,0
3128,NA,NA,NA,NA,NA,NA,NA,0,NA,NA
3129,0,1,0,0,0,0,1,0,0,0
3130,0,0,0,0,0,0,0,0,0,0
3131,0,0,0,0,0,0,0,0,0,0
3132,0,1,0,0,0,0,0,0,0,0
3134,1,1,1,1,1,1,1,0,1,1
3136,1,1,1,1,1,1,0,0,0,1
3138,0,0,0,0,0,0,0,0,0,0
3139,0,0,0,0,0,1,1,0,0,0
3140,0,1,0,0,0,0,0,0,0,0
3141,1,1,1,1,1,1,1,1,1,1
3144,0,1,0,0,0,1,0,0,0,0
3145,0,0,0,0,0,0,0,0,0,0
3146,1,1,1,1,1,1,1,1,1,1
3147,0,0,0,0,0,0,0,0,0,0
3148,0,1,0,0,0,1,0,0,0,0
3149,0,1,0,0,0,0,0,0,0,0
3150,0,NA,0,0,NA,0,0,0,0,0
3152,0,1,0,0,0,0,0,0,0,0
3153,0,0,0,0,0,0,0,0,0,0
3154,1,1,1,1,0,1,1,0,0,1
3155,1,1,0,0,0,0,0,0,0,0
3157,0,1,0,0,0,0,0,0,0,0
3158,1,1,1,1,1,1,1,1,1,1
3159,1,1,0,0,0,1,1,0,0,0
3162,0,1,1,1,1,1,1,0,1,1
3165,0,0,0,0,0,0,0,0,0,0
3166,0,1,0,0,0,0,0,0,0,0
3170,0,0,0,0,0,0,0,0,0,0
3171,0,1,0,0,0,0,0,0,0,0
3172,0,1,0,0,0,0,1,0,0,0
3174,0,1,0,0,0,0,1,0,0,0
3177,0,1,0,0,0,0,0,0,0,0
3178,0,0,0,0,0,0,0,0,0,0
3179,0,0,0,0,0,1,1,0,0,0
3180,1,1,1,0,1,1,1,0,0,0
3181,0,0,0,0,0,0,0,0,0,0
3182,1,1,1,0,1,1,1,0,1,1
3183,0,0,0,0,0,0,0,0,0,0
3184,0,0,0,0,0,0,0,0,0,0
3185,0,1,0,0,0,0,0,0,0,0
3186,0,0,0,0,0,0,0,0,0,0
3187,1,1,0,1,1,1,1,1,0,1
3190,0,0,0,0,0,0,0,0,0,0
3191,0,0,0,0,0,0,0,0,0,0
3193,0,0,0,0,0,0,0,0,0,0
3195,0,1,0,0,1,1,0,0,0,0
3196,0,1,0,0,0,1,1,0,0,0
3199,1,1,1,0,1,1,0,0,1,1
3200,1,1,0,0,0,0,0,0,1,0
3201,1,1,1,1,1,1,1,0,1,0
3205,0,0,0,0,0,0,0,0,0,0
3207,0,1,0,0,0,0,0,0,0,0
3209,0,0,0,0,0,0,0,0,0,0
3215,0,1,0,0,0,0,0,0,0,0
3217,0,1,1,1,0,1,1,1,0,1
3218,0,0,0,0,0,0,0,0,0,0
3219,0,1,0,0,0,1,0,0,0,1
3220,0,0,0,0,1,0,0,0,0,0
3223,0,0,0,0,0,0,0,0,0,0
3225,0,1,0,0,1,1,0,1,1,0
3227,1,1,1,1,0,1,1,0,1,1
3228,0,0,0,0,0,1,0,0,0,0
3238,1,1,1,1,1,1,1,1,1,1
3242,0,1,0,0,0,0,0,0,0,0
3243,0,1,0,0,0,0,0,0,0,0
3247,0,0,0,0,1,0,0,0,0,0
3248,0,1,0,1,1,1,1,1,1,1
3249,0,0,0,0,0,0,0,0,0,0
3250,1,1,1,0,1,1,1,0,1,1
3251,1,1,0,0,1,1,1,0,1,1
3253,0,0,0,0,0,0,0,0,0,0
3256,1,1,1,0,1,1,1,1,1,1
3257,0,1,0,0,0,1,0,0,0,0
3258,0,0,0,0,0,0,0,0,0,0
3259,1,1,1,0,1,1,1,1,1,1
3260,0,1,0,0,0,0,0,0,0,0
3262,0,1,0,0,1,1,1,0,0,0
3265,1,1,1,1,1,1,1,1,1,1
3266,0,0,0,0,0,0,0,0,0,0
3269,0,0,0,0,0,0,0,0,0,0
3270,1,1,0,0,0,1,1,0,0,1
3271,0,0,0,0,0,0,0,0,0,0
3272,0,1,0,0,0,0,0,0,0,1
3273,0,1,1,1,0,1,1,1,1,1
3274,1,1,1,0,1,1,1,1,1,1
3275,0,1,1,0,0,1,0,0,1,1
3277,0,0,0,0,0,0,0,0,0,0
3284,0,1,1,1,1,1,1,0,0,1
3285,1,1,0,1,1,0,0,1,0,1
3288,0,1,0,0,0,0,0,0,0,0
3301,0,0,0,0,0,0,0,0,0,0
3334,0,1,0,0,0,1,0,0,0,0
3335,0,1,0,0,0,1,1,0,0,0
3336,1,1,1,1,1,1,1,1,1,1
3337,0,0,0,0,0,0,0,0,0,0
3338,1,1,1,1,1,1,1,0,1,0
3339,0,1,1,1,0,1,1,1,0,1
3341,1,1,1,1,1,1,1,1,0,0
3344,0,1,1,0,0,0,0,0,0,0
3346,0,0,0,0,0,0,0,0,0,0
3347,1,1,1,1,1,1,1,1,1,1
3348,1,1,0,0,0,0,0,0,0,1
3349,0,1,0,0,0,0,0,0,0,0
3350,0,1,0,0,0,0,0,0,0,0
3351,1,1,0,1,1,1,1,1,0,1
3352,0,1,0,0,0,0,0,0,0,0
3354,1,1,1,0,0,1,1,0,0,1
3355,1,1,1,1,1,1,0,0,1,1
3357,0,0,0,0,0,0,0,0,0,0
3358,0,0,0,0,0,0,0,0,0,0
3359,NA,1,1,0,1,1,1,0,0,0
3361,0,1,0,0,0,0,0,0,0,0
3363,0,1,1,1,1,1,1,0,0,1
3364,0,1,0,0,0,0,0,0,0,0
3366,0,1,1,1,1,1,0,1,0,1
3367,0,1,1,1,0,1,1,0,1,1
3370,0,0,0,0,0,0,0,0,0,0
3371,0,0,0,0,0,0,0,0,0,0
3372,0,0,0,0,0,0,0,0,0,0
3376,0,1,0,0,1,1,1,0,0,1
3378,1,1,1,1,1,0,1,0,1,1
3380,0,1,0,0,0,0,1,0,0,0
3381,1,1,1,0,1,1,1,1,1,0
3383,1,1,1,0,1,1,0,1,1,1
3384,1,1,1,1,1,1,0,1,0,1
3386,0,1,0,0,0,1,0,0,0,0
3388,0,0,0,0,0,0,0,0,0,0
3389,0,1,0,0,0,0,0,0,0,0
3390,0,1,0,0,1,1,1,1,0,0
