"row","fold"
1,"test"
2,"train"
3,"train"
4,"train"
5,"test"
6,"train"
7,"train"
8,"test"
9,"train"
10,"train"
11,"train"
12,"train"
13,"train"
14,"train"
15,"train"
16,"test"
17,"train"
18,"train"
19,"train"
20,"test"
21,"test"
22,"train"
23,"train"
24,"train"
25,"train"
26,"train"
27,"train"
28,"train"
29,"train"
30,"train"
31,"train"
32,"test"
33,"train"
34,"train"
35,"train"
36,"train"
37,"train"
38,"train"
39,"test"
40,"train"
41,"train"
42,"train"
43,"test"
44,"train"
45,"train"
46,"train"
47,"train"
48,"train"
49,"train"
50,"train"
51,"train"
52,"train"
53,"train"
54,"test"
55,"train"
56,"train"
57,"train"
58,"train"
59,"train"
60,"test"
61,"train"
62,"train"
63,"train"
64,"train"
65,"train"
66,"train"
67,"train"
68,"train"
69,"train"
70,"train"
71,"test"
72,"train"
73,"train"
74,"train"
75,"train"
76,"train"
77,"test"
78,"train"
79,"train"
80,"train"
81,"train"
82,"train"
83,"train"
84,"train"
85,"train"
86,"train"
87,"test"
88,"train"
89,"test"
90,"test"
91,"train"
92,"test"
93,"train"
94,"train"
95,"train"
96,"train"
97,"test"
98,"train"
99,"train"
100,"train"
101,"train"
102,"train"
103,"test"
104,"train"
105,"train"
106,"train"
107,"train"
108,"train"
109,"train"
110,"test"
111,"test"
112,"train"
113,"test"
114,"train"
115,"train"
116,"test"
117,"train"
118,"train"
119,"train"
120,"train"
121,"train"
122,"train"
123,"train"
124,"train"
125,"test"
126,"train"
127,"train"
128,"train"
129,"train"
130,"train"
131,"train"
132,"train"
133,"test"
134,"train"
135,"test"
136,"test"
137,"train"
138,"train"
139,"train"
140,"train"
141,"train"
142,"train"
143,"train"
144,"train"
145,"train"
146,"train"
147,"train"
148,"train"
149,"train"
150,"train"
151,"test"
152,"train"
153,"train"
154,"train"
155,"train"
156,"train"
157,"train"
158,"train"
159,"train"
160,"train"
161,"train"
162,"train"
163,"train"
164,"test"
165,"train"
166,"train"
167,"train"
168,"train"
169,"test"
170,"train"
171,"train"
172,"test"
173,"train"
174,"train"
175,"train"
176,"train"
177,"train"
178,"train"
179,"train"
180,"train"
181,"test"
182,"train"
183,"train"
184,"train"
185,"train"
186,"train"
187,"train"
188,"train"
189,"train"
190,"train"
191,"train"
192,"train"
193,"train"
194,"test"
195,"train"
196,"train"
197,"train"
198,"train"
199,"train"
200,"train"
201,"train"
202,"train"
203,"train"
204,"train"
205,"train"
206,"train"
207,"train"
208,"train"
209,"train"
210,"test"
211,"train"
212,"train"
213,"train"
214,"train"
215,"train"
216,"train"
217,"train"
218,"train"
219,"train"
220,"train"
221,"train"
222,"train"
223,"train"
224,"train"
225,"train"
226,"test"
227,"train"
228,"train"
229,"train"
230,"train"
231,"test"
232,"train"
233,"train"
234,"train"
235,"train"
236,"train"
237,"test"
238,"train"
239,"test"
240,"train"
241,"train"
242,"train"
243,"train"
244,"train"
245,"train"
246,"train"
247,"train"
248,"train"
249,"train"
250,"test"
251,"train"
252,"train"
253,"train"
254,"train"
255,"train"
256,"test"
257,"train"
258,"train"
259,"train"
260,"train"
261,"train"
262,"train"
263,"test"
264,"test"
265,"train"
266,"test"
267,"train"
268,"train"
269,"train"
270,"train"
271,"train"
272,"train"
273,"train"
274,"train"
275,"train"
276,"train"
277,"train"
278,"train"
279,"test"
280,"train"
281,"train"
282,"train"
283,"train"
284,"test"
285,"train"
286,"test"
287,"train"
288,"train"
289,"train"
290,"train"
291,"train"
292,"train"
293,"test"
294,"train"
295,"train"
296,"train"
297,"test"
298,"train"
299,"train"
300,"train"
301,"train"
302,"train"
303,"train"
304,"test"
305,"train"
306,"train"
307,"train"
308,"train"
309,"train"
310,"train"
311,"train"
312,"train"
313,"train"
314,"train"
315,"train"
316,"train"
317,"train"
318,"test"
319,"train"
320,"train"
321,"train"
322,"test"
323,"train"
324,"train"
325,"train"
326,"test"
327,"train"
328,"train"
329,"train"
330,"test"
331,"test"
332,"train"
333,"train"
334,"train"
335,"train"
336,"train"
337,"train"
338,"train"
339,"train"
340,"train"
341,"test"
342,"train"
343,"train"
344,"train"
345,"train"
346,"train"
347,"test"
348,"test"
349,"train"
350,"test"
351,"train"
352,"train"
353,"train"
354,"train"
355,"train"
356,"train"
357,"train"
358,"train"
359,"train"
360,"train"
361,"train"
362,"test"
363,"test"
364,"train"
365,"test"
366,"train"
367,"train"
368,"train"
369,"train"
370,"train"
371,"train"
372,"train"
373,"train"
374,"train"
375,"train"
376,"train"
377,"train"
378,"train"
379,"train"
380,"train"
381,"train"
382,"train"
383,"train"
384,"train"
385,"test"
386,"train"
387,"train"
388,"train"
389,"train"
390,"train"
391,"train"
392,"train"
393,"test"
394,"test"
395,"test"
396,"train"
397,"train"
398,"train"
399,"train"
400,"train"
401,"train"
402,"train"
403,"train"
404,"test"
405,"train"
406,"train"
407,"train"
408,"train"
409,"train"
410,"train"
411,"train"
412,"train"
413,"train"
414,"test"
415,"test"
416,"test"
417,"train"
418,"train"
419,"train"
420,"train"
421,"train"
422,"train"
423,"train"
424,"train"
425,"test"
426,"test"
427,"train"
428,"train"
429,"train"
430,"test"
431,"train"
432,"train"
433,"test"
434,"train"
435,"train"
436,"train"
437,"train"
438,"train"
439,"train"
440,"train"
441,"train"
442,"train"
443,"train"
444,"train"
445,"train"
446,"train"
447,"train"
448,"train"
449,"train"
450,"train"
451,"train"
452,"train"
453,"train"
454,"train"
455,"test"
456,"train"
457,"train"
458,"train"
459,"train"
460,"train"
461,"train"
462,"test"
463,"test"
464,"test"
465,"train"
466,"train"
467,"train"
468,"test"
469,"test"
470,"train"
471,"train"
472,"train"
473,"train"
474,"train"
475,"train"
476,"train"
477,"train"
478,"train"
479,"test"
480,"train"
481,"train"
482,"train"
483,"train"
484,"test"
485,"train"
486,"test"
487,"train"
488,"train"
489,"train"
490,"train"
491,"train"
492,"train"
493,"train"
494,"train"
495,"train"
496,"train"
497,"train"
498,"train"
499,"test"
500,"train"
501,"test"
502,"train"
503,"test"
504,"train"
505,"train"
506,"train"
507,"train"
508,"train"
509,"train"
510,"train"
511,"train"
512,"train"
513,"train"
514,"train"
515,"train"
516,"test"
517,"train"
518,"train"
519,"train"
520,"train"
521,"train"
522,"train"
523,"train"
524,"train"
525,"train"
526,"train"
527,"test"
528,"train"
529,"train"
530,"train"
531,"train"
532,"train"
533,"train"
534,"train"
535,"train"
536,"train"
537,"train"
538,"train"
539,"train"
540,"train"
541,"train"
542,"train"
543,"train"
544,"train"
545,"test"
546,"test"
547,"train"
548,"train"
549,"train"
550,"train"
551,"test"
552,"train"
553,"train"
554,"train"
555,"train"
556,"train"
557,"train"
558,"train"
559,"train"
560,"train"
561,"train"
562,"train"
563,"train"
564,"train"
565,"train"
566,"train"
567,"train"
568,"train"
569,"train"
570,"train"
571,"train"
572,"train"
573,"train"
574,"train"
575,"train"
576,"train"
577,"train"
578,"train"
579,"train"
580,"train"
581,"train"
582,"train"
583,"train"
584,"test"
585,"train"
586,"train"
587,"train"
588,"train"
589,"train"
590,"train"
591,"train"
592,"train"
593,"test"
594,"train"
595,"train"
596,"train"
597,"train"
598,"train"
599,"train"
600,"train"
601,"train"
602,"test"
603,"test"
604,"train"
605,"train"
606,"train"
607,"train"
608,"train"
609,"train"
610,"train"
611,"test"
612,"train"
613,"train"
614,"train"
615,"train"
616,"train"
617,"train"
618,"test"
619,"train"
620,"test"
621,"train"
622,"test"
623,"train"
624,"train"
625,"train"
626,"train"
627,"train"
628,"train"
629,"train"
630,"train"
631,"train"
632,"train"
633,"train"
634,"train"
635,"train"
636,"train"
637,"train"
638,"train"
639,"train"
640,"train"
641,"test"
642,"test"
643,"train"
644,"test"
645,"train"
646,"train"
647,"train"
648,"train"
649,"train"
650,"train"
651,"test"
652,"train"
653,"train"
654,"train"
655,"train"
656,"train"
657,"test"
658,"train"
659,"train"
660,"train"
661,"test"
662,"train"
663,"train"
664,"train"
665,"train"
666,"train"
667,"test"
668,"test"
669,"train"
670,"train"
671,"test"
672,"train"
673,"train"
674,"train"
675,"train"
676,"train"
677,"train"
678,"train"
679,"train"
680,"train"
681,"train"
682,"test"
683,"test"
684,"train"
685,"test"
686,"train"
687,"train"
688,"train"
689,"train"
690,"train"
691,"test"
692,"train"
693,"train"
694,"train"
695,"train"
696,"train"
697,"test"
698,"train"
699,"test"
700,"test"
701,"train"
702,"train"
703,"train"
704,"train"
705,"train"
706,"train"
707,"test"
708,"test"
709,"train"
710,"train"
711,"train"
712,"test"
713,"train"
714,"train"
715,"train"
716,"train"
717,"train"
718,"train"
719,"train"
720,"train"
721,"train"
722,"train"
723,"train"
724,"train"
725,"train"
726,"train"
727,"train"
728,"train"
729,"train"
730,"train"
731,"train"
732,"train"
733,"train"
734,"train"
735,"train"
736,"train"
737,"train"
738,"train"
739,"train"
740,"train"
741,"train"
742,"train"
743,"train"
744,"train"
745,"test"
746,"train"
747,"train"
748,"train"
749,"train"
750,"train"
751,"test"
752,"test"
753,"train"
754,"train"
755,"train"
756,"train"
757,"test"
758,"test"
759,"train"
760,"train"
761,"train"
762,"train"
763,"train"
764,"test"
765,"train"
766,"train"
767,"train"
768,"train"
769,"train"
770,"train"
771,"train"
772,"train"
773,"train"
774,"train"
775,"train"
776,"train"
777,"train"
778,"train"
779,"train"
780,"train"
781,"train"
782,"train"
783,"train"
784,"train"
785,"test"
786,"train"
787,"train"
788,"train"
789,"train"
790,"train"
791,"train"
792,"train"
793,"train"
794,"train"
795,"train"
796,"train"
797,"train"
798,"train"
799,"train"
800,"train"
801,"train"
802,"train"
803,"train"
804,"train"
805,"train"
806,"train"
807,"test"
808,"train"
809,"test"
810,"test"
811,"train"
812,"train"
813,"train"
814,"train"
815,"train"
816,"test"
817,"train"
818,"train"
819,"train"
820,"train"
821,"train"
822,"train"
823,"train"
824,"train"
825,"train"
826,"train"
827,"train"
828,"train"
829,"test"
830,"train"
831,"train"
832,"train"
833,"train"
834,"train"
835,"train"
836,"train"
837,"train"
838,"train"
839,"train"
840,"train"
841,"test"
842,"train"
843,"train"
844,"train"
845,"test"
846,"train"
847,"train"
848,"train"
849,"train"
850,"train"
851,"test"
852,"train"
853,"test"
854,"train"
855,"train"
856,"train"
857,"train"
858,"train"
859,"train"
860,"train"
861,"train"
862,"train"
863,"train"
864,"test"
865,"train"
866,"test"
867,"train"
868,"train"
869,"train"
870,"train"
871,"train"
872,"test"
873,"test"
874,"train"
875,"train"
876,"train"
877,"train"
878,"train"
879,"train"
880,"test"
881,"train"
882,"train"
883,"train"
884,"train"
885,"train"
886,"train"
887,"train"
888,"train"
889,"train"
890,"train"
891,"train"
892,"train"
893,"train"
894,"train"
895,"train"
896,"train"
897,"train"
898,"train"
899,"test"
900,"train"
901,"train"
902,"train"
903,"train"
904,"train"
905,"train"
906,"train"
907,"train"
908,"train"
909,"test"
910,"test"
911,"train"
912,"train"
913,"test"
914,"train"
915,"train"
916,"test"
917,"train"
918,"train"
919,"train"
920,"train"
921,"train"
922,"train"
923,"train"
924,"train"
925,"train"
926,"train"
927,"train"
928,"train"
929,"train"
930,"test"
931,"test"
932,"train"
933,"train"
934,"train"
935,"test"
936,"train"
937,"test"
938,"train"
939,"train"
940,"train"
941,"train"
942,"train"
943,"train"
944,"train"
945,"train"
946,"train"
947,"train"
948,"train"
949,"train"
950,"train"
951,"train"
952,"test"
953,"train"
954,"train"
955,"train"
956,"train"
957,"train"
958,"train"
959,"test"
960,"train"
961,"train"
962,"train"
963,"test"
964,"train"
965,"train"
966,"train"
967,"train"
968,"train"
969,"train"
970,"test"
971,"train"
972,"train"
973,"test"
974,"test"
975,"test"
976,"test"
977,"train"
978,"train"
979,"train"
980,"train"
981,"train"
982,"train"
983,"train"
984,"test"
985,"test"
986,"test"
987,"test"
988,"train"
989,"train"
990,"train"
991,"train"
992,"train"
993,"train"
994,"test"
995,"test"
996,"train"
997,"test"
998,"train"
999,"test"
1000,"train"
1001,"test"
1002,"train"
1003,"train"
1004,"train"
1005,"test"
1006,"train"
1007,"train"
1008,"train"
1009,"test"
1010,"train"
1011,"test"
1012,"train"
1013,"train"
1014,"train"
1015,"test"
1016,"train"
1017,"train"
1018,"train"
1019,"train"
1020,"train"
1021,"train"
1022,"train"
1023,"train"
1024,"train"
1025,"train"
1026,"test"
1027,"test"
1028,"train"
1029,"train"
1030,"train"
1031,"test"
1032,"train"
1033,"train"
1034,"train"
1035,"train"
1036,"test"
1037,"train"
1038,"train"
1039,"train"
1040,"train"
1041,"train"
1042,"train"
1043,"train"
1044,"test"
1045,"train"
1046,"test"
1047,"train"
1048,"test"
1049,"train"
1050,"train"
1051,"train"
1052,"train"
1053,"test"
1054,"train"
1055,"train"
1056,"test"
1057,"train"
1058,"train"
1059,"train"
1060,"train"
1061,"train"
1062,"train"
1063,"test"
1064,"test"
1065,"train"
1066,"test"
1067,"train"
1068,"train"
1069,"train"
1070,"test"
1071,"train"
1072,"train"
1073,"test"
1074,"test"
1075,"train"
1076,"test"
1077,"train"
1078,"test"
1079,"train"
1080,"train"
1081,"train"
1082,"train"
1083,"train"
1084,"train"
1085,"train"
1086,"train"
1087,"train"
1088,"train"
1089,"train"
1090,"train"
1091,"train"
1092,"train"
1093,"train"
1094,"train"
1095,"train"
1096,"train"
1097,"train"
1098,"train"
1099,"train"
1100,"train"
1101,"train"
1102,"test"
1103,"train"
1104,"train"
1105,"train"
1106,"test"
1107,"train"
1108,"train"
1109,"train"
1110,"test"
1111,"train"
1112,"train"
1113,"train"
1114,"test"
1115,"train"
1116,"train"
1117,"train"
1118,"test"
1119,"train"
1120,"train"
1121,"train"
1122,"test"
1123,"train"
1124,"test"
1125,"train"
1126,"test"
1127,"train"
1128,"train"
1129,"train"
1130,"train"
1131,"train"
1132,"train"
1133,"train"
1134,"train"
1135,"test"
1136,"train"
1137,"train"
1138,"train"
1139,"train"
1140,"train"
1141,"train"
1142,"train"
1143,"train"
1144,"train"
1145,"train"
1146,"train"
1147,"test"
1148,"train"
1149,"train"
1150,"train"
1151,"train"
1152,"train"
1153,"train"
1154,"train"
1155,"train"
1156,"train"
1157,"test"
1158,"train"
1159,"train"
1160,"train"
1161,"train"
1162,"train"
1163,"train"
1164,"train"
1165,"test"
1166,"train"
1167,"train"
1168,"train"
1169,"test"
1170,"train"
1171,"train"
1172,"train"
1173,"test"
1174,"train"
1175,"train"
1176,"test"
1177,"train"
1178,"train"
1179,"train"
1180,"train"
1181,"train"
1182,"train"
1183,"test"
1184,"train"
1185,"train"
1186,"test"
1187,"train"
1188,"train"
1189,"train"
1190,"train"
1191,"test"
1192,"train"
1193,"test"
1194,"train"
1195,"train"
1196,"test"
1197,"train"
1198,"train"
1199,"train"
1200,"train"
1201,"train"
1202,"train"
1203,"train"
1204,"test"
1205,"train"
1206,"train"
1207,"train"
1208,"train"
1209,"test"
1210,"test"
1211,"train"
1212,"test"
1213,"train"
1214,"train"
1215,"train"
1216,"train"
1217,"test"
1218,"test"
1219,"train"
1220,"train"
1221,"test"
1222,"train"
1223,"train"
1224,"train"
1225,"train"
1226,"test"
1227,"train"
1228,"train"
1229,"train"
1230,"train"
1231,"train"
1232,"train"
1233,"train"
1234,"train"
1235,"train"
1236,"train"
1237,"train"
1238,"test"
1239,"train"
1240,"train"
1241,"train"
1242,"train"
1243,"train"
1244,"test"
1245,"train"
1246,"train"
1247,"train"
1248,"train"
1249,"train"
1250,"train"
1251,"train"
1252,"train"
1253,"train"
1254,"train"
1255,"train"
1256,"train"
1257,"train"
1258,"train"
1259,"train"
1260,"train"
1261,"train"
1262,"train"
1263,"train"
1264,"test"
1265,"train"
1266,"test"
1267,"train"
1268,"test"
1269,"train"
1270,"train"
1271,"train"
1272,"train"
1273,"train"
1274,"train"
1275,"train"
1276,"train"
1277,"test"
1278,"test"
1279,"train"
1280,"train"
1281,"test"
1282,"train"
1283,"train"
1284,"train"
1285,"test"
1286,"train"
1287,"train"
1288,"train"
1289,"train"
1290,"train"
1291,"train"
1292,"train"
1293,"train"
1294,"train"
1295,"test"
1296,"train"
1297,"train"
1298,"train"
1299,"test"
1300,"train"
1301,"train"
1302,"train"
1303,"train"
1304,"train"
1305,"train"
1306,"test"
1307,"train"
1308,"test"
1309,"test"
1310,"train"
1311,"train"
1312,"train"
1313,"test"
1314,"test"
1315,"train"
1316,"train"
1317,"train"
1318,"train"
1319,"test"
1320,"train"
1321,"train"
1322,"train"
1323,"test"
1324,"train"
1325,"train"
1326,"train"
1327,"train"
1328,"train"
1329,"train"
1330,"train"
1331,"test"
1332,"train"
1333,"train"
1334,"test"
1335,"train"
1336,"train"
1337,"train"
1338,"train"
1339,"train"
1340,"train"
1341,"train"
1342,"test"
1343,"train"
1344,"train"
1345,"train"
1346,"train"
1347,"train"
1348,"train"
1349,"train"
1350,"test"
1351,"train"
1352,"train"
1353,"test"
1354,"test"
1355,"train"
1356,"train"
1357,"test"
1358,"train"
1359,"train"
1360,"train"
1361,"test"
1362,"train"
1363,"train"
1364,"train"
1365,"test"
1366,"train"
1367,"train"
1368,"train"
1369,"train"
1370,"train"
1371,"train"
1372,"train"
1373,"train"
1374,"test"
1375,"test"
1376,"train"
1377,"train"
1378,"train"
1379,"test"
1380,"train"
1381,"train"
1382,"test"
1383,"train"
1384,"train"
1385,"train"
1386,"train"
1387,"train"
1388,"train"
1389,"train"
1390,"train"
1391,"test"
1392,"train"
1393,"train"
1394,"train"
1395,"test"
1396,"test"
1397,"train"
1398,"train"
1399,"test"
1400,"train"
1401,"train"
1402,"train"
1403,"test"
1404,"train"
1405,"train"
1406,"train"
1407,"train"
1408,"train"
1409,"train"
1410,"train"
1411,"train"
1412,"train"
1413,"train"
1414,"train"
1415,"train"
1416,"train"
1417,"test"
1418,"train"
1419,"train"
1420,"train"
1421,"train"
1422,"test"
1423,"train"
1424,"train"
1425,"train"
1426,"train"
1427,"train"
1428,"train"
1429,"train"
1430,"train"
1431,"train"
1432,"test"
1433,"train"
1434,"train"
1435,"train"
1436,"test"
1437,"train"
1438,"train"
1439,"train"
1440,"train"
1441,"train"
1442,"test"
1443,"test"
1444,"train"
1445,"train"
1446,"train"
1447,"train"
1448,"train"
1449,"train"
1450,"train"
1451,"train"
1452,"train"
1453,"train"
1454,"test"
1455,"train"
1456,"train"
1457,"test"
1458,"test"
1459,"train"
1460,"train"
1461,"train"
1462,"train"
1463,"test"
1464,"train"
1465,"train"
1466,"test"
1467,"train"
1468,"test"
1469,"test"
1470,"test"
1471,"train"
1472,"train"
1473,"test"
1474,"train"
1475,"train"
1476,"train"
1477,"test"
1478,"train"
1479,"train"
1480,"train"
1481,"train"
1482,"train"
1483,"test"
1484,"train"
1485,"train"
1486,"train"
1487,"train"
1488,"train"
1489,"test"
1490,"train"
1491,"train"
1492,"train"
1493,"train"
1494,"train"
1495,"train"
1496,"test"
1497,"train"
1498,"train"
1499,"train"
1500,"train"
1501,"train"
1502,"train"
1503,"train"
1504,"train"
1505,"train"
1506,"train"
1507,"train"
1508,"train"
1509,"test"
1510,"train"
1511,"train"
1512,"train"
1513,"test"
1514,"train"
1515,"train"
1516,"train"
1517,"train"
1518,"train"
1519,"train"
1520,"train"
1521,"train"
1522,"train"
1523,"train"
1524,"train"
1525,"train"
1526,"train"
1527,"train"
1528,"train"
1529,"train"
1530,"test"
1531,"train"
1532,"train"
1533,"train"
1534,"train"
1535,"train"
1536,"train"
1537,"test"
1538,"train"
1539,"train"
1540,"test"
1541,"train"
1542,"train"
1543,"train"
1544,"train"
1545,"train"
1546,"test"
1547,"test"
1548,"train"
1549,"train"
1550,"train"
1551,"train"
1552,"train"
1553,"train"
1554,"train"
1555,"train"
1556,"train"
1557,"train"
1558,"train"
1559,"train"
1560,"train"
1561,"train"
1562,"train"
1563,"train"
1564,"train"
1565,"train"
1566,"train"
1567,"train"
1568,"train"
1569,"train"
1570,"train"
1571,"train"
1572,"train"
1573,"test"
1574,"train"
1575,"train"
1576,"test"
1577,"test"
1578,"train"
1579,"train"
1580,"train"
1581,"train"
1582,"test"
1583,"test"
1584,"train"
1585,"test"
1586,"train"
1587,"train"
1588,"test"
1589,"train"
1590,"train"
1591,"test"
1592,"train"
1593,"train"
1594,"train"
1595,"train"
1596,"test"
1597,"train"
1598,"train"
1599,"train"
1600,"train"
1601,"test"
1602,"train"
1603,"train"
1604,"test"
1605,"train"
1606,"train"
1607,"train"
1608,"train"
1609,"train"
1610,"train"
1611,"train"
1612,"test"
1613,"train"
1614,"train"
1615,"test"
1616,"train"
1617,"train"
1618,"train"
1619,"train"
1620,"test"
1621,"train"
1622,"train"
1623,"train"
1624,"test"
1625,"train"
1626,"train"
1627,"train"
1628,"train"
1629,"train"
1630,"train"
1631,"test"
1632,"train"
1633,"train"
1634,"train"
1635,"train"
1636,"test"
1637,"train"
1638,"test"
1639,"train"
1640,"train"
1641,"train"
1642,"train"
1643,"train"
1644,"train"
1645,"train"
1646,"train"
1647,"train"
1648,"train"
1649,"test"
1650,"train"
1651,"test"
1652,"test"
1653,"train"
1654,"train"
1655,"train"
1656,"train"
1657,"train"
1658,"train"
1659,"test"
1660,"test"
1661,"train"
1662,"train"
1663,"train"
1664,"test"
1665,"train"
1666,"train"
1667,"train"
1668,"test"
1669,"train"
1670,"train"
1671,"test"
1672,"test"
1673,"train"
1674,"train"
1675,"train"
1676,"train"
1677,"train"
1678,"test"
1679,"train"
1680,"test"
1681,"train"
1682,"test"
1683,"train"
1684,"train"
1685,"train"
1686,"train"
1687,"train"
1688,"train"
1689,"train"
1690,"train"
1691,"train"
1692,"train"
1693,"train"
1694,"test"
1695,"test"
1696,"train"
1697,"train"
1698,"train"
1699,"test"
1700,"train"
1701,"train"
1702,"train"
1703,"test"
1704,"train"
1705,"train"
1706,"test"
1707,"train"
1708,"train"
1709,"train"
1710,"test"
1711,"train"
1712,"test"
1713,"train"
1714,"train"
1715,"train"
1716,"train"
1717,"train"
1718,"train"
1719,"train"
1720,"train"
1721,"test"
1722,"train"
1723,"test"
1724,"train"
1725,"train"
1726,"train"
1727,"train"
1728,"train"
1729,"train"
1730,"test"
1731,"train"
1732,"test"
1733,"train"
1734,"train"
1735,"train"
1736,"train"
1737,"train"
1738,"test"
1739,"train"
1740,"train"
1741,"train"
1742,"train"
1743,"train"
1744,"test"
1745,"test"
1746,"test"
1747,"test"
1748,"train"
1749,"train"
1750,"train"
1751,"test"
1752,"train"
1753,"train"
1754,"train"
1755,"train"
1756,"train"
1757,"train"
1758,"train"
1759,"train"
1760,"train"
1761,"train"
1762,"train"
1763,"train"
1764,"train"
1765,"train"
1766,"train"
1767,"train"
1768,"train"
1769,"train"
1770,"test"
1771,"train"
1772,"train"
1773,"train"
1774,"test"
1775,"train"
1776,"train"
1777,"train"
1778,"test"
1779,"train"
1780,"train"
1781,"test"
1782,"train"
1783,"train"
1784,"train"
1785,"train"
1786,"train"
1787,"train"
1788,"train"
1789,"train"
1790,"train"
1791,"test"
1792,"train"
1793,"train"
1794,"train"
1795,"test"
1796,"test"
1797,"train"
1798,"train"
1799,"train"
1800,"train"
1801,"train"
1802,"train"
1803,"train"
1804,"test"
1805,"train"
1806,"train"
1807,"train"
1808,"train"
1809,"train"
1810,"train"
1811,"train"
1812,"train"
1813,"train"
1814,"train"
1815,"test"
1816,"train"
1817,"train"
1818,"train"
1819,"train"
1820,"train"
1821,"train"
1822,"test"
1823,"train"
1824,"test"
1825,"train"
1826,"train"
1827,"test"
1828,"train"
1829,"train"
1830,"train"
1831,"test"
1832,"train"
1833,"train"
1834,"train"
1835,"train"
1836,"train"
1837,"train"
1838,"train"
1839,"train"
1840,"test"
1841,"train"
1842,"test"
1843,"train"
1844,"train"
1845,"train"
1846,"train"
1847,"train"
1848,"train"
1849,"train"
1850,"test"
1851,"train"
1852,"train"
1853,"train"
1854,"train"
1855,"train"
1856,"train"
1857,"train"
1858,"train"
1859,"train"
1860,"test"
1861,"train"
1862,"test"
1863,"train"
1864,"train"
1865,"train"
1866,"test"
1867,"train"
1868,"train"
1869,"train"
1870,"train"
1871,"train"
1872,"train"
1873,"train"
1874,"train"
1875,"train"
1876,"train"
1877,"train"
1878,"train"
1879,"train"
1880,"test"
1881,"train"
1882,"train"
1883,"train"
1884,"train"
1885,"train"
1886,"train"
1887,"train"
1888,"train"
1889,"train"
1890,"train"
1891,"train"
1892,"train"
1893,"train"
1894,"train"
1895,"train"
1896,"train"
1897,"train"
1898,"train"
1899,"test"
1900,"train"
1901,"train"
1902,"train"
1903,"train"
1904,"train"
1905,"train"
1906,"train"
1907,"train"
1908,"train"
1909,"train"
1910,"train"
1911,"train"
1912,"train"
1913,"train"
1914,"train"
1915,"train"
1916,"train"
1917,"train"
1918,"train"
1919,"train"
1920,"train"
1921,"train"
1922,"train"
1923,"train"
1924,"train"
1925,"train"
1926,"train"
1927,"train"
1928,"train"
1929,"train"
1930,"train"
1931,"train"
1932,"test"
1933,"train"
1934,"train"
1935,"train"
1936,"train"
1937,"train"
1938,"train"
1939,"train"
1940,"train"
1941,"test"
1942,"train"
1943,"test"
1944,"train"
1945,"test"
1946,"test"
1947,"train"
1948,"train"
1949,"train"
1950,"train"
1951,"train"
1952,"train"
1953,"train"
1954,"train"
1955,"train"
1956,"test"
1957,"train"
1958,"train"
1959,"train"
1960,"test"
1961,"test"
1962,"train"
1963,"train"
1964,"train"
1965,"train"
1966,"train"
1967,"test"
1968,"train"
1969,"test"
1970,"train"
1971,"test"
1972,"train"
1973,"train"
1974,"train"
1975,"train"
1976,"test"
1977,"train"
1978,"train"
1979,"test"
1980,"train"
1981,"test"
1982,"test"
1983,"train"
1984,"train"
1985,"train"
1986,"train"
1987,"train"
1988,"test"
1989,"train"
1990,"train"
1991,"train"
1992,"train"
1993,"train"
1994,"train"
1995,"train"
1996,"train"
1997,"train"
1998,"train"
1999,"train"
2000,"train"
2001,"train"
2002,"train"
2003,"test"
2004,"test"
2005,"train"
2006,"train"
2007,"train"
2008,"train"
2009,"train"
2010,"test"
2011,"train"
2012,"test"
2013,"train"
2014,"train"
2015,"train"
2016,"train"
2017,"train"
2018,"train"
2019,"train"
2020,"train"
2021,"train"
2022,"train"
2023,"test"
2024,"test"
2025,"train"
2026,"train"
2027,"train"
2028,"train"
2029,"train"
2030,"train"
2031,"train"
2032,"train"
2033,"train"
2034,"test"
2035,"train"
2036,"train"
2037,"train"
2038,"train"
2039,"train"
2040,"train"
2041,"train"
2042,"test"
2043,"train"
2044,"train"
2045,"train"
2046,"train"
2047,"train"
2048,"train"
2049,"train"
2050,"train"
2051,"train"
2052,"train"
2053,"train"
2054,"train"
2055,"train"
2056,"train"
2057,"test"
2058,"test"
2059,"train"
2060,"train"
2061,"train"
2062,"train"
2063,"test"
2064,"test"
2065,"test"
2066,"train"
2067,"train"
2068,"train"
2069,"train"
2070,"train"
2071,"train"
2072,"train"
2073,"train"
2074,"train"
2075,"train"
2076,"test"
2077,"test"
2078,"test"
2079,"test"
2080,"train"
2081,"test"
2082,"train"
2083,"test"
2084,"test"
2085,"train"
2086,"train"
2087,"train"
2088,"train"
2089,"train"
2090,"test"
2091,"train"
2092,"train"
2093,"train"
2094,"train"
2095,"train"
2096,"train"
2097,"test"
2098,"test"
2099,"train"
2100,"train"
2101,"test"
2102,"test"
2103,"train"
2104,"train"
2105,"train"
2106,"train"
2107,"train"
2108,"test"
2109,"train"
2110,"train"
2111,"test"
2112,"test"
2113,"train"
2114,"train"
2115,"test"
2116,"train"
2117,"train"
2118,"train"
2119,"train"
2120,"train"
2121,"train"
2122,"train"
2123,"train"
2124,"train"
2125,"train"
2126,"train"
2127,"train"
2128,"train"
2129,"train"
2130,"test"
2131,"test"
2132,"train"
2133,"train"
2134,"test"
2135,"train"
2136,"train"
2137,"test"
2138,"train"
2139,"train"
2140,"train"
2141,"train"
2142,"test"
2143,"train"
2144,"train"
2145,"train"
2146,"test"
2147,"train"
2148,"test"
2149,"train"
2150,"train"
2151,"train"
2152,"train"
2153,"test"
2154,"train"
2155,"train"
2156,"train"
2157,"train"
2158,"test"
2159,"train"
2160,"train"
2161,"train"
2162,"train"
2163,"train"
2164,"test"
2165,"train"
2166,"train"
2167,"test"
2168,"train"
2169,"test"
2170,"test"
2171,"train"
2172,"train"
2173,"train"
2174,"train"
2175,"train"
2176,"train"
2177,"train"
2178,"test"
2179,"train"
2180,"train"
2181,"train"
2182,"test"
2183,"train"
2184,"test"
2185,"train"
2186,"test"
2187,"test"
2188,"train"
2189,"train"
2190,"train"
2191,"test"
2192,"train"
2193,"train"
2194,"train"
2195,"train"
2196,"train"
2197,"test"
2198,"train"
2199,"train"
2200,"train"
2201,"train"
2202,"train"
2203,"train"
2204,"train"
2205,"train"
2206,"train"
2207,"test"
2208,"train"
2209,"train"
2210,"train"
2211,"train"
2212,"train"
2213,"train"
2214,"train"
2215,"train"
2216,"train"
2217,"train"
2218,"train"
2219,"train"
2220,"train"
2221,"train"
2222,"train"
2223,"train"
2224,"train"
2225,"train"
2226,"train"
2227,"train"
2228,"train"
2229,"train"
2230,"train"
2231,"test"
2232,"train"
2233,"train"
2234,"test"
2235,"train"
2236,"test"
2237,"test"
2238,"train"
2239,"train"
2240,"train"
2241,"test"
2242,"train"
2243,"train"
2244,"train"
2245,"train"
2246,"train"
2247,"train"
2248,"test"
2249,"train"
2250,"train"
2251,"train"
2252,"train"
2253,"train"
2254,"train"
2255,"train"
2256,"train"
2257,"train"
2258,"train"
2259,"train"
2260,"test"
2261,"test"
2262,"test"
2263,"train"
2264,"train"
2265,"train"
2266,"train"
2267,"train"
2268,"test"
2269,"train"
2270,"train"
2271,"train"
2272,"train"
2273,"train"
2274,"train"
2275,"test"
2276,"train"
2277,"train"
2278,"train"
2279,"train"
2280,"train"
2281,"train"
2282,"train"
2283,"train"
2284,"train"
2285,"test"
2286,"train"
2287,"test"
2288,"train"
2289,"train"
2290,"train"
2291,"test"
2292,"train"
2293,"train"
2294,"train"
2295,"train"
2296,"train"
2297,"train"
2298,"train"
2299,"train"
2300,"test"
2301,"test"
2302,"train"
2303,"train"
2304,"train"
2305,"train"
2306,"train"
2307,"train"
2308,"train"
2309,"train"
2310,"train"
2311,"train"
2312,"train"
2313,"test"
2314,"test"
2315,"train"
2316,"train"
2317,"train"
2318,"train"
2319,"train"
2320,"train"
2321,"test"
2322,"train"
2323,"test"
2324,"train"
2325,"test"
2326,"train"
2327,"train"
2328,"train"
2329,"train"
2330,"train"
2331,"train"
2332,"test"
2333,"train"
2334,"train"
2335,"test"
2336,"train"
2337,"train"
2338,"train"
2339,"train"
2340,"train"
2341,"train"
2342,"train"
2343,"train"
2344,"train"
2345,"train"
2346,"train"
2347,"train"
2348,"train"
2349,"train"
2350,"train"
2351,"train"
2352,"test"
2353,"train"
2354,"train"
2355,"train"
2356,"test"
2357,"test"
2358,"test"
2359,"train"
2360,"train"
2361,"train"
2362,"train"
2363,"train"
2364,"train"
2365,"train"
2366,"train"
2367,"train"
2368,"train"
2369,"train"
2370,"train"
2371,"train"
2372,"test"
2373,"train"
2374,"train"
2375,"train"
2376,"train"
2377,"test"
2378,"train"
2379,"train"
2380,"train"
2381,"train"
2382,"train"
2383,"test"
2384,"test"
2385,"train"
2386,"train"
2387,"test"
2388,"train"
2389,"train"
2390,"test"
2391,"train"
2392,"train"
2393,"test"
2394,"test"
2395,"test"
2396,"test"
2397,"test"
2398,"train"
2399,"train"
2400,"train"
2401,"train"
2402,"train"
2403,"test"
2404,"train"
2405,"train"
2406,"train"
2407,"train"
2408,"train"
2409,"train"
2410,"train"
2411,"train"
2412,"test"
2413,"train"
2414,"test"
2415,"train"
2416,"train"
2417,"train"
2418,"train"
2419,"train"
2420,"test"
2421,"train"
2422,"train"
2423,"train"
2424,"train"
2425,"train"
2426,"train"
2427,"train"
2428,"train"
2429,"train"
2430,"train"
2431,"train"
2432,"test"
2433,"train"
2434,"test"
2435,"test"
2436,"train"
2437,"test"
2438,"train"
2439,"train"
2440,"train"
2441,"test"
2442,"train"
2443,"train"
2444,"train"
2445,"train"
2446,"train"
2447,"train"
2448,"train"
2449,"train"
2450,"train"
2451,"train"
2452,"train"
2453,"train"
2454,"test"
2455,"train"
2456,"test"
2457,"train"
2458,"train"
2459,"test"
2460,"train"
2461,"train"
2462,"train"
2463,"train"
2464,"train"
2465,"train"
2466,"train"
2467,"train"
2468,"train"
2469,"train"
2470,"test"
2471,"train"
2472,"train"
2473,"train"
2474,"train"
2475,"train"
2476,"test"
2477,"test"
2478,"train"
2479,"test"
2480,"train"
2481,"test"
2482,"test"
2483,"train"
2484,"train"
2485,"test"
2486,"train"
2487,"test"
2488,"train"
2489,"train"
2490,"test"
2491,"test"
2492,"test"
2493,"train"
2494,"train"
2495,"train"
2496,"test"
2497,"test"
2498,"test"
2499,"test"
2500,"test"
2501,"train"
2502,"test"
2503,"train"
2504,"train"
2505,"train"
2506,"test"
2507,"train"
2508,"train"
2509,"train"
2510,"train"
2511,"train"
2512,"test"
2513,"train"
2514,"train"
2515,"train"
2516,"test"
2517,"train"
2518,"train"
2519,"train"
2520,"train"
2521,"train"
2522,"train"
2523,"test"
2524,"train"
2525,"train"
2526,"test"
2527,"train"
2528,"train"
2529,"train"
2530,"train"
2531,"train"
2532,"test"
2533,"train"
2534,"test"
2535,"train"
2536,"test"
2537,"train"
2538,"test"
2539,"train"
2540,"test"
2541,"test"
2542,"train"
2543,"train"
2544,"test"
2545,"train"
2546,"train"
2547,"test"
2548,"train"
2549,"test"
2550,"train"
2551,"train"
2552,"train"
2553,"train"
2554,"test"
2555,"test"
2556,"train"
2557,"train"
2558,"test"
2559,"train"
2560,"train"
2561,"train"
2562,"test"
2563,"train"
2564,"train"
2565,"test"
2566,"train"
2567,"train"
2568,"test"
2569,"train"
2570,"train"
2571,"train"
2572,"train"
2573,"train"
2574,"train"
2575,"train"
2576,"test"
2577,"train"
2578,"test"
2579,"test"
2580,"train"
2581,"test"
2582,"test"
2583,"train"
2584,"train"
2585,"train"
2586,"train"
2587,"train"
2588,"train"
2589,"test"
2590,"train"
2591,"test"
2592,"train"
2593,"test"
2594,"train"
2595,"train"
2596,"train"
2597,"train"
2598,"train"
2599,"train"
2600,"train"
2601,"train"
2602,"train"
2603,"train"
2604,"train"
2605,"train"
2606,"train"
2607,"train"
2608,"train"
2609,"train"
2610,"train"
2611,"train"
2612,"train"
2613,"train"
2614,"train"
2615,"test"
2616,"train"
2617,"train"
2618,"train"
2619,"train"
2620,"test"
2621,"train"
2622,"test"
2623,"train"
2624,"train"
2625,"test"
2626,"train"
2627,"test"
2628,"train"
2629,"train"
2630,"train"
2631,"train"
2632,"test"
2633,"test"
2634,"train"
2635,"train"
2636,"test"
2637,"test"
2638,"train"
2639,"test"
2640,"test"
2641,"train"
2642,"train"
2643,"test"
2644,"train"
2645,"test"
2646,"train"
2647,"train"
2648,"test"
2649,"train"
2650,"train"
2651,"train"
2652,"train"
2653,"train"
2654,"train"
2655,"train"
2656,"test"
2657,"train"
2658,"test"
2659,"train"
2660,"train"
2661,"test"
2662,"train"
2663,"train"
2664,"train"
2665,"train"
2666,"train"
2667,"test"
2668,"train"
2669,"test"
2670,"test"
2671,"train"
2672,"test"
2673,"train"
2674,"train"
2675,"test"
2676,"train"
2677,"test"
2678,"train"
2679,"train"
2680,"train"
2681,"test"
2682,"test"
2683,"test"
2684,"test"
2685,"test"
2686,"train"
2687,"train"
2688,"test"
2689,"train"
2690,"test"
2691,"train"
2692,"train"
2693,"train"
2694,"test"
2695,"train"
2696,"train"
2697,"train"
2698,"test"
2699,"train"
2700,"train"
2701,"train"
2702,"train"
2703,"train"
2704,"train"
2705,"train"
2706,"test"
2707,"train"
2708,"train"
2709,"train"
2710,"train"
2711,"train"
2712,"test"
2713,"test"
2714,"test"
2715,"test"
2716,"test"
2717,"train"
2718,"train"
2719,"train"
2720,"train"
2721,"train"
2722,"train"
2723,"test"
2724,"train"
2725,"test"
2726,"train"
2727,"test"
2728,"train"
2729,"train"
2730,"train"
2731,"train"
2732,"train"
2733,"train"
2734,"train"
2735,"test"
2736,"test"
2737,"train"
2738,"train"
2739,"train"
2740,"train"
2741,"test"
2742,"train"
2743,"train"
2744,"train"
2745,"train"
2746,"train"
2747,"train"
2748,"test"
2749,"train"
2750,"train"
2751,"train"
2752,"train"
2753,"train"
2754,"test"
2755,"train"
2756,"test"
2757,"train"
2758,"train"
2759,"train"
2760,"test"
2761,"train"
2762,"train"
2763,"train"
2764,"test"
2765,"train"
2766,"test"
2767,"train"
2768,"train"
2769,"train"
2770,"train"
2771,"train"
2772,"test"
2773,"train"
2774,"train"
2775,"train"
2776,"train"
2777,"train"
2778,"train"
2779,"train"
2780,"train"
2781,"train"
2782,"train"
2783,"train"
2784,"train"
2785,"test"
2786,"train"
2787,"train"
2788,"train"
2789,"test"
2790,"train"
2791,"test"
2792,"train"
2793,"test"
2794,"train"
2795,"train"
2796,"train"
2797,"train"
2798,"train"
2799,"train"
2800,"train"
2801,"train"
2802,"train"
2803,"train"
2804,"train"
2805,"test"
2806,"train"
2807,"train"
2808,"train"
2809,"test"
2810,"train"
2811,"test"
2812,"test"
2813,"train"
2814,"train"
2815,"train"
2816,"train"
2817,"test"
2818,"test"
2819,"train"
2820,"train"
2821,"train"
2822,"train"
2823,"train"
2824,"train"
2825,"train"
2826,"test"
2827,"train"
2828,"train"
2829,"train"
2830,"train"
2831,"train"
2832,"test"
2833,"train"
2834,"train"
2835,"test"
2836,"train"
2837,"train"
2838,"test"
2839,"train"
2840,"train"
2841,"train"
2842,"train"
2843,"train"
2844,"train"
2845,"train"
2846,"train"
2847,"test"
2848,"train"
2849,"train"
2850,"train"
2851,"train"
2852,"test"
2853,"test"
2854,"test"
2855,"train"
2856,"train"
2857,"train"
2858,"train"
2859,"train"
2860,"test"
2861,"train"
2862,"test"
2863,"train"
2864,"train"
2865,"train"
2866,"train"
2867,"train"
2868,"train"
2869,"train"
2870,"test"
2871,"train"
2872,"train"
2873,"train"
2874,"train"
2875,"train"
2876,"test"
2877,"train"
2878,"train"
2879,"train"
2880,"train"
2881,"train"
2882,"train"
2883,"test"
2884,"train"
2885,"train"
2886,"test"
2887,"test"
2888,"train"
2889,"train"
2890,"test"
2891,"train"
2892,"train"
2893,"train"
2894,"train"
2895,"train"
2896,"test"
2897,"train"
2898,"train"
2899,"train"
2900,"train"
2901,"train"
2902,"test"
2903,"train"
2904,"train"
2905,"test"
2906,"train"
2907,"test"
2908,"train"
2909,"train"
2910,"train"
2911,"train"
2912,"train"
2913,"train"
2914,"test"
2915,"train"
2916,"train"
2917,"train"
2918,"train"
2919,"train"
2920,"train"
2921,"train"
2922,"train"
2923,"train"
2924,"train"
2925,"train"
2926,"train"
2927,"train"
2928,"train"
2929,"train"
2930,"train"
2931,"test"
2932,"train"
2933,"train"
2934,"train"
2935,"train"
2936,"test"
2937,"train"
2938,"train"
2939,"train"
2940,"train"
2941,"train"
2942,"test"
2943,"train"
2944,"train"
2945,"train"
2946,"train"
2947,"train"
2948,"train"
2949,"train"
2950,"test"
2951,"train"
2952,"train"
2953,"train"
2954,"train"
2955,"train"
2956,"train"
2957,"train"
2958,"test"
2959,"train"
2960,"train"
2961,"train"
2962,"train"
2963,"train"
2964,"train"
2965,"train"
2966,"train"
2967,"train"
2968,"train"
2969,"train"
2970,"test"
2971,"train"
2972,"train"
2973,"train"
2974,"train"
2975,"train"
2976,"train"
2977,"train"
2978,"train"
2979,"test"
2980,"train"
2981,"test"
2982,"train"
2983,"test"
2984,"train"
2985,"train"
2986,"train"
2987,"train"
2988,"train"
2989,"test"
2990,"train"
2991,"train"
2992,"train"
2993,"train"
2994,"train"
2995,"train"
2996,"train"
2997,"train"
2998,"train"
2999,"train"
3000,"test"
3001,"train"
3002,"train"
3003,"train"
3004,"test"
3005,"test"
3006,"train"
3007,"test"
3008,"train"
3009,"test"
3010,"test"
3011,"train"
3012,"train"
3013,"train"
3014,"test"
3015,"train"
3016,"train"
3017,"train"
3018,"train"
3019,"train"
3020,"test"
3021,"train"
3022,"train"
3023,"train"
3024,"train"
3025,"train"
3026,"train"
3027,"train"
3028,"train"
3029,"train"
3030,"train"
3031,"train"
3032,"train"
3033,"train"
3034,"train"
3035,"train"
3036,"test"
3037,"train"
3038,"train"
3039,"train"
3040,"train"
3041,"train"
3042,"train"
3043,"test"
3044,"train"
3045,"train"
3046,"train"
3047,"train"
3048,"train"
3049,"train"
3050,"train"
3051,"train"
3052,"train"
3053,"test"
3054,"test"
3055,"train"
3056,"test"
3057,"train"
3058,"train"
3059,"test"
3060,"test"
3061,"test"
3062,"train"
3063,"train"
3064,"train"
3065,"train"
3066,"train"
3067,"test"
3068,"test"
3069,"train"
3070,"train"
3071,"train"
3072,"train"
3073,"test"
3074,"train"
3075,"train"
3076,"test"
3077,"train"
3078,"train"
3079,"train"
3080,"train"
3081,"train"
3082,"train"
3083,"train"
3084,"train"
3085,"train"
3086,"train"
3087,"train"
3088,"train"
3089,"train"
3090,"train"
3091,"train"
3092,"train"
3093,"train"
3094,"train"
3095,"test"
3096,"train"
3097,"train"
3098,"train"
3099,"train"
3100,"train"
3101,"train"
3102,"train"
3103,"train"
3104,"train"
3105,"train"
3106,"train"
3107,"train"
3108,"train"
3109,"train"
3110,"train"
3111,"train"
3112,"train"
3113,"train"
3114,"train"
3115,"train"
3116,"train"
3117,"test"
3118,"train"
3119,"test"
3120,"train"
3121,"train"
3122,"train"
3123,"train"
3124,"train"
3125,"train"
3126,"train"
3127,"train"
3128,"train"
3129,"train"
3130,"train"
3131,"train"
3132,"train"
3133,"train"
3134,"train"
3135,"test"
3136,"train"
3137,"test"
3138,"train"
3139,"test"
3140,"train"
3141,"test"
3142,"train"
3143,"test"
3144,"train"
3145,"test"
3146,"test"
3147,"test"
3148,"test"
3149,"test"
3150,"train"
3151,"test"
3152,"train"
3153,"train"
3154,"train"
3155,"train"
3156,"test"
3157,"train"
3158,"train"
3159,"train"
3160,"train"
3161,"test"
3162,"test"
3163,"train"
3164,"train"
3165,"train"
3166,"train"
3167,"train"
3168,"train"
3169,"train"
3170,"train"
3171,"test"
3172,"test"
3173,"train"
3174,"train"
3175,"test"
3176,"train"
3177,"train"
3178,"test"
3179,"train"
3180,"test"
3181,"test"
3182,"train"
3183,"train"
3184,"train"
3185,"train"
3186,"test"
3187,"train"
3188,"train"
3189,"train"
3190,"test"
3191,"train"
3192,"train"
3193,"train"
3194,"train"
3195,"train"
3196,"train"
3197,"train"
3198,"train"
3199,"train"
3200,"train"
3201,"train"
3202,"train"
3203,"train"
3204,"train"
3205,"train"
3206,"train"
3207,"train"
3208,"train"
3209,"train"
3210,"train"
3211,"train"
3212,"train"
3213,"train"
3214,"test"
3215,"test"
3216,"test"
3217,"train"
3218,"train"
3219,"train"
3220,"train"
3221,"train"
3222,"train"
3223,"train"
3224,"train"
3225,"train"
3226,"train"
3227,"train"
3228,"train"
3229,"train"
3230,"test"
3231,"train"
3232,"test"
3233,"test"
3234,"train"
3235,"train"
3236,"train"
3237,"train"
3238,"train"
3239,"train"
3240,"train"
3241,"train"
3242,"test"
3243,"train"
3244,"train"
3245,"train"
3246,"test"
3247,"test"
3248,"train"
3249,"train"
3250,"train"
3251,"train"
3252,"train"
3253,"train"
3254,"train"
3255,"train"
3256,"train"
3257,"train"
3258,"train"
3259,"train"
3260,"train"
3261,"train"
3262,"train"
3263,"train"
3264,"train"
3265,"train"
3266,"train"
3267,"train"
3268,"train"
3269,"test"
3270,"train"
3271,"train"
3272,"train"
3273,"train"
3274,"train"
3275,"train"
3276,"train"
3277,"test"
3278,"train"
3279,"train"
3280,"train"
3281,"train"
3282,"test"
3283,"train"
3284,"train"
3285,"train"
3286,"train"
3287,"test"
3288,"train"
3289,"train"
3290,"test"
3291,"train"
3292,"train"
3293,"train"
3294,"test"
3295,"train"
3296,"train"
3297,"train"
3298,"test"
3299,"test"
3300,"train"
3301,"train"
3302,"test"
3303,"train"
3304,"train"
3305,"train"
3306,"train"
3307,"train"
3308,"train"
3309,"test"
3310,"train"
3311,"train"
3312,"train"
3313,"train"
3314,"train"
3315,"test"
3316,"test"
3317,"train"
3318,"train"
3319,"test"
3320,"train"
3321,"train"
3322,"train"
3323,"train"
3324,"train"
3325,"train"
3326,"train"
3327,"train"
3328,"train"
3329,"test"
3330,"train"
3331,"train"
3332,"test"
3333,"train"
3334,"train"
3335,"train"
3336,"train"
3337,"train"
3338,"train"
3339,"test"
3340,"train"
3341,"test"
3342,"train"
3343,"train"
3344,"test"
3345,"train"
3346,"train"
3347,"train"
3348,"train"
3349,"test"
3350,"test"
3351,"train"
3352,"train"
3353,"train"
3354,"train"
3355,"train"
3356,"train"
3357,"train"
3358,"train"
3359,"train"
3360,"test"
3361,"train"
3362,"train"
3363,"test"
3364,"train"
3365,"train"
3366,"train"
3367,"train"
3368,"train"
3369,"train"
3370,"train"
3371,"train"
3372,"train"
3373,"test"
3374,"train"
3375,"train"
3376,"train"
3377,"train"
3378,"train"
3379,"train"
3380,"train"
3381,"train"
3382,"train"
3383,"train"
3384,"test"
3385,"test"
3386,"train"
3387,"train"
3388,"test"
3389,"train"
3390,"train"
3391,"train"
3392,"train"
3393,"test"
3394,"train"
3395,"train"
3396,"train"
3397,"train"
3398,"train"
3399,"train"
3400,"train"
3401,"train"
3402,"train"
3403,"train"
3404,"test"
3405,"train"
3406,"test"
3407,"train"
3408,"train"
3409,"train"
3410,"train"
3411,"train"
3412,"train"
3413,"train"
3414,"train"
3415,"train"
3416,"train"
3417,"train"
3418,"train"
3419,"train"
3420,"test"
3421,"train"
3422,"train"
3423,"test"
3424,"train"
3425,"train"
3426,"train"
3427,"train"
3428,"train"
3429,"train"
3430,"train"
3431,"train"
3432,"train"
3433,"train"
3434,"train"
3435,"train"
3436,"train"
3437,"train"
3438,"train"
3439,"train"
3440,"train"
3441,"train"
3442,"test"
3443,"train"
3444,"train"
3445,"test"
3446,"train"
3447,"train"
3448,"train"
3449,"train"
3450,"train"
3451,"train"
3452,"train"
3453,"train"
3454,"train"
3455,"train"
3456,"train"
3457,"train"
3458,"train"
3459,"train"
3460,"train"
3461,"train"
3462,"train"
3463,"train"
3464,"test"
3465,"test"
3466,"train"
3467,"train"
3468,"train"
3469,"train"
3470,"train"
3471,"train"
3472,"test"
3473,"train"
3474,"train"
3475,"train"
3476,"train"
3477,"train"
3478,"test"
3479,"train"
3480,"train"
3481,"train"
3482,"train"
3483,"train"
3484,"train"
3485,"train"
3486,"train"
3487,"train"
3488,"train"
3489,"train"
3490,"train"
3491,"train"
3492,"train"
3493,"train"
3494,"train"
3495,"train"
3496,"train"
3497,"test"
3498,"train"
3499,"train"
3500,"train"
3501,"train"
3502,"test"
3503,"train"
3504,"train"
3505,"train"
3506,"test"
3507,"test"
3508,"train"
3509,"train"
3510,"test"
3511,"train"
3512,"train"
3513,"train"
3514,"train"
3515,"train"
3516,"train"
3517,"test"
3518,"test"
3519,"train"
3520,"train"
3521,"test"
3522,"test"
3523,"train"
3524,"train"
3525,"train"
3526,"train"
3527,"test"
3528,"train"
3529,"train"
3530,"train"
3531,"train"
3532,"train"
3533,"train"
3534,"train"
3535,"test"
3536,"train"
3537,"train"
3538,"train"
3539,"train"
3540,"test"
3541,"train"
3542,"test"
3543,"train"
3544,"test"
3545,"train"
3546,"train"
3547,"test"
3548,"train"
3549,"train"
3550,"train"
3551,"train"
3552,"train"
3553,"train"
3554,"train"
3555,"test"
3556,"test"
3557,"train"
3558,"train"
3559,"train"
3560,"train"
3561,"train"
3562,"train"
3563,"test"
3564,"test"
3565,"train"
3566,"train"
3567,"train"
3568,"train"
3569,"train"
3570,"test"
3571,"test"
3572,"train"
3573,"train"
3574,"train"
3575,"test"
3576,"train"
3577,"train"
3578,"train"
3579,"train"
3580,"train"
3581,"test"
3582,"train"
3583,"test"
3584,"train"
3585,"train"
3586,"train"
3587,"train"
3588,"train"
3589,"train"
3590,"test"
3591,"test"
3592,"train"
3593,"train"
3594,"test"
3595,"train"
3596,"train"
3597,"train"
3598,"train"
3599,"train"
3600,"train"
3601,"train"
3602,"train"
3603,"train"
3604,"test"
3605,"train"
3606,"test"
3607,"train"
3608,"train"
3609,"train"
3610,"train"
3611,"train"
3612,"test"
3613,"train"
3614,"train"
3615,"train"
3616,"test"
3617,"train"
3618,"train"
3619,"train"
3620,"train"
3621,"train"
3622,"train"
3623,"train"
3624,"test"
3625,"train"
3626,"train"
3627,"train"
3628,"train"
3629,"train"
3630,"test"
3631,"test"
3632,"train"
3633,"train"
3634,"train"
3635,"train"
3636,"train"
3637,"train"
3638,"train"
3639,"train"
3640,"train"
3641,"train"
3642,"train"
3643,"train"
3644,"train"
3645,"train"
3646,"train"
3647,"train"
3648,"train"
3649,"train"
3650,"test"
3651,"train"
3652,"train"
3653,"test"
3654,"train"
3655,"train"
3656,"train"
3657,"train"
3658,"train"
3659,"train"
3660,"train"
3661,"train"
3662,"train"
3663,"train"
3664,"train"
3665,"train"
3666,"train"
3667,"train"
3668,"train"
3669,"train"
3670,"train"
3671,"test"
3672,"train"
3673,"test"
3674,"train"
3675,"train"
3676,"train"
3677,"train"
3678,"test"
3679,"train"
3680,"train"
3681,"train"
3682,"train"
3683,"train"
3684,"train"
3685,"train"
3686,"test"
3687,"train"
3688,"train"
3689,"train"
3690,"train"
3691,"test"
3692,"test"
3693,"train"
3694,"train"
3695,"train"
3696,"train"
3697,"train"
3698,"train"
3699,"train"
3700,"test"
3701,"train"
3702,"train"
3703,"train"
3704,"train"
3705,"train"
3706,"test"
3707,"test"
3708,"train"
3709,"train"
3710,"train"
3711,"train"
3712,"train"
3713,"train"
3714,"test"
3715,"train"
3716,"train"
3717,"train"
3718,"train"
3719,"train"
3720,"train"
3721,"train"
3722,"train"
3723,"train"
3724,"train"
3725,"train"
3726,"train"
3727,"train"
3728,"train"
3729,"test"
3730,"train"
3731,"train"
3732,"train"
3733,"test"
3734,"test"
3735,"test"
3736,"train"
3737,"train"
3738,"train"
3739,"train"
3740,"train"
3741,"train"
3742,"test"
3743,"train"
3744,"train"
3745,"test"
3746,"train"
3747,"train"
3748,"test"
3749,"train"
3750,"test"
3751,"train"
3752,"train"
3753,"train"
3754,"test"
3755,"train"
3756,"train"
3757,"train"
3758,"train"
3759,"train"
3760,"test"
3761,"train"
3762,"train"
3763,"train"
3764,"train"
3765,"test"
3766,"train"
3767,"train"
3768,"train"
3769,"train"
3770,"train"
3771,"train"
3772,"test"
3773,"train"
3774,"train"
3775,"train"
3776,"train"
3777,"train"
3778,"train"
3779,"train"
3780,"train"
3781,"train"
3782,"train"
3783,"train"
3784,"train"
3785,"train"
3786,"train"
3787,"train"
3788,"train"
3789,"train"
3790,"train"
3791,"train"
3792,"train"
3793,"train"
3794,"train"
3795,"train"
3796,"train"
3797,"train"
3798,"train"
3799,"train"
3800,"train"
3801,"train"
3802,"train"
3803,"train"
3804,"train"
3805,"train"
3806,"train"
3807,"train"
3808,"train"
3809,"train"
3810,"train"
3811,"train"
3812,"train"
3813,"train"
3814,"train"
3815,"train"
3816,"train"
3817,"train"
3818,"test"
3819,"train"
3820,"train"
3821,"train"
3822,"train"
3823,"train"
3824,"train"
3825,"test"
3826,"train"
3827,"train"
3828,"test"
3829,"test"
3830,"train"
3831,"test"
3832,"train"
3833,"test"
3834,"test"
3835,"test"
3836,"train"
3837,"train"
3838,"test"
3839,"train"
3840,"train"
3841,"train"
3842,"test"
3843,"train"
3844,"train"
3845,"test"
3846,"train"
3847,"test"
3848,"train"
3849,"train"
3850,"train"
3851,"test"
3852,"train"
3853,"train"
3854,"train"
3855,"train"
3856,"train"
3857,"train"
3858,"train"
3859,"train"
3860,"train"
3861,"test"
3862,"test"
3863,"train"
3864,"train"
3865,"train"
3866,"train"
3867,"train"
3868,"train"
3869,"test"
3870,"train"
3871,"train"
3872,"train"
3873,"train"
3874,"train"
3875,"test"
3876,"train"
3877,"train"
3878,"train"
3879,"train"
3880,"train"
3881,"train"
3882,"train"
3883,"test"
3884,"train"
3885,"test"
3886,"train"
3887,"train"
3888,"train"
3889,"train"
3890,"test"
3891,"train"
3892,"train"
3893,"train"
3894,"train"
3895,"train"
3896,"train"
3897,"test"
3898,"train"
3899,"train"
3900,"test"
3901,"train"
3902,"train"
3903,"test"
3904,"test"
3905,"train"
3906,"test"
3907,"train"
3908,"train"
3909,"train"
3910,"test"
3911,"train"
3912,"train"
3913,"train"
3914,"train"
3915,"test"
3916,"train"
3917,"train"
3918,"train"
3919,"train"
3920,"train"
3921,"train"
3922,"train"
3923,"train"
3924,"train"
3925,"train"
3926,"train"
3927,"train"
3928,"train"
3929,"train"
3930,"test"
3931,"train"
3932,"train"
3933,"train"
3934,"train"
3935,"train"
3936,"train"
3937,"train"
3938,"train"
3939,"train"
3940,"train"
3941,"train"
3942,"test"
3943,"train"
3944,"train"
3945,"train"
3946,"train"
3947,"train"
3948,"train"
3949,"train"
3950,"train"
3951,"train"
3952,"test"
3953,"train"
3954,"train"
3955,"test"
3956,"train"
3957,"train"
3958,"train"
3959,"train"
3960,"train"
3961,"train"
3962,"train"
3963,"train"
3964,"test"
3965,"train"
3966,"train"
3967,"train"
3968,"train"
3969,"train"
3970,"test"
3971,"train"
3972,"train"
3973,"train"
3974,"train"
3975,"train"
3976,"train"
3977,"train"
3978,"test"
3979,"train"
3980,"train"
3981,"train"
3982,"train"
3983,"train"
3984,"train"
3985,"train"
3986,"train"
3987,"train"
3988,"train"
3989,"train"
3990,"train"
3991,"train"
3992,"train"
3993,"test"
3994,"test"
3995,"train"
3996,"train"
3997,"test"
3998,"train"
3999,"train"
4000,"train"
4001,"train"
4002,"train"
4003,"test"
4004,"train"
4005,"train"
4006,"train"
4007,"train"
4008,"train"
4009,"train"
4010,"train"
4011,"train"
4012,"train"
4013,"train"
4014,"train"
4015,"train"
4016,"train"
4017,"test"
4018,"test"
4019,"train"
4020,"train"
4021,"train"
4022,"train"
4023,"test"
4024,"test"
4025,"train"
4026,"train"
4027,"train"
4028,"train"
4029,"train"
4030,"test"
4031,"train"
4032,"train"
4033,"train"
4034,"train"
4035,"train"
4036,"train"
4037,"train"
4038,"test"
4039,"train"
4040,"test"
4041,"train"
4042,"train"
4043,"train"
4044,"train"
4045,"test"
4046,"train"
4047,"test"
4048,"test"
4049,"train"
4050,"train"
4051,"train"
4052,"train"
4053,"train"
4054,"train"
4055,"train"
4056,"train"
4057,"train"
4058,"train"
4059,"train"
4060,"test"
4061,"train"
4062,"train"
4063,"test"
4064,"train"
4065,"train"
4066,"train"
4067,"test"
4068,"train"
4069,"train"
4070,"test"
4071,"train"
4072,"train"
4073,"test"
4074,"train"
4075,"train"
4076,"test"
4077,"train"
4078,"train"
4079,"train"
4080,"train"
4081,"train"
4082,"train"
4083,"train"
4084,"train"
4085,"train"
4086,"test"
4087,"train"
4088,"test"
4089,"train"
4090,"train"
4091,"train"
4092,"test"
4093,"train"
4094,"train"
4095,"test"
4096,"train"
4097,"train"
4098,"train"
4099,"train"
4100,"train"
4101,"train"
4102,"train"
4103,"train"
4104,"train"
4105,"train"
4106,"train"
4107,"train"
4108,"train"
4109,"train"
4110,"train"
4111,"train"
4112,"train"
4113,"train"
4114,"test"
4115,"train"
4116,"test"
4117,"train"
4118,"test"
4119,"train"
4120,"test"
4121,"train"
4122,"test"
4123,"train"
4124,"test"
4125,"train"
4126,"train"
4127,"test"
4128,"train"
4129,"train"
4130,"train"
4131,"train"
4132,"train"
4133,"test"
4134,"train"
4135,"train"
4136,"train"
4137,"train"
4138,"train"
4139,"train"
4140,"train"
4141,"train"
4142,"train"
4143,"train"
4144,"test"
4145,"train"
4146,"train"
4147,"test"
4148,"train"
4149,"train"
4150,"train"
4151,"train"
4152,"train"
4153,"train"
4154,"test"
4155,"train"
4156,"train"
4157,"train"
4158,"train"
4159,"train"
4160,"test"
4161,"train"
4162,"test"
4163,"train"
4164,"train"
4165,"test"
4166,"train"
4167,"test"
4168,"train"
4169,"train"
4170,"train"
4171,"train"
4172,"test"
4173,"train"
4174,"test"
4175,"test"
4176,"train"
4177,"train"
4178,"train"
4179,"train"
4180,"test"
4181,"train"
4182,"train"
4183,"train"
4184,"train"
4185,"train"
4186,"train"
4187,"train"
4188,"train"
4189,"train"
4190,"train"
4191,"train"
4192,"test"
4193,"train"
4194,"train"
4195,"test"
4196,"train"
4197,"train"
4198,"train"
4199,"train"
4200,"train"
4201,"test"
4202,"train"
4203,"train"
4204,"train"
4205,"train"
4206,"test"
4207,"train"
4208,"train"
4209,"test"
4210,"train"
4211,"train"
4212,"train"
4213,"train"
4214,"train"
4215,"train"
4216,"test"
4217,"train"
4218,"test"
4219,"train"
4220,"train"
4221,"test"
4222,"train"
4223,"train"
4224,"train"
4225,"train"
4226,"train"
4227,"train"
4228,"train"
4229,"train"
4230,"train"
4231,"train"
4232,"test"
4233,"train"
4234,"train"
4235,"train"
4236,"test"
4237,"train"
4238,"train"
4239,"train"
4240,"train"
4241,"train"
4242,"train"
4243,"test"
4244,"test"
4245,"train"
4246,"train"
4247,"train"
4248,"train"
4249,"train"
4250,"train"
4251,"train"
4252,"train"
4253,"train"
4254,"train"
4255,"train"
4256,"train"
4257,"train"
4258,"train"
4259,"train"
4260,"train"
4261,"train"
4262,"train"
4263,"test"
4264,"train"
4265,"train"
4266,"test"
4267,"train"
4268,"train"
4269,"train"
4270,"train"
4271,"train"
4272,"train"
4273,"train"
4274,"train"
4275,"train"
4276,"train"
4277,"test"
4278,"train"
4279,"train"
4280,"train"
4281,"train"
4282,"train"
4283,"train"
4284,"test"
4285,"train"
4286,"test"
4287,"train"
4288,"train"
4289,"train"
4290,"train"
4291,"train"
4292,"train"
4293,"test"
4294,"train"
4295,"train"
4296,"train"
4297,"test"
4298,"train"
4299,"train"
4300,"test"
4301,"train"
4302,"train"
4303,"train"
4304,"train"
4305,"train"
4306,"train"
4307,"train"
4308,"train"
4309,"train"
4310,"train"
4311,"train"
4312,"train"
4313,"train"
4314,"train"
4315,"train"
4316,"train"
4317,"train"
4318,"train"
4319,"test"
4320,"train"
4321,"train"
4322,"train"
4323,"train"
4324,"train"
4325,"test"
4326,"train"
4327,"test"
4328,"train"
4329,"train"
4330,"train"
4331,"train"
4332,"train"
4333,"train"
4334,"train"
4335,"train"
4336,"test"
4337,"test"
4338,"test"
4339,"test"
4340,"train"
4341,"train"
4342,"train"
4343,"train"
4344,"test"
4345,"train"
4346,"test"
4347,"train"
4348,"train"
4349,"train"
4350,"train"
4351,"train"
4352,"test"
4353,"train"
4354,"train"
4355,"train"
4356,"train"
4357,"test"
4358,"train"
4359,"test"
4360,"train"
4361,"train"
4362,"test"
4363,"train"
4364,"test"
4365,"train"
4366,"test"
4367,"train"
4368,"train"
4369,"train"
4370,"train"
4371,"train"
4372,"test"
4373,"train"
4374,"train"
4375,"train"
4376,"train"
4377,"train"
4378,"train"
4379,"train"
4380,"test"
4381,"train"
4382,"test"
4383,"train"
4384,"train"
4385,"train"
4386,"test"
4387,"train"
4388,"test"
4389,"train"
4390,"train"
4391,"train"
4392,"train"
4393,"train"
4394,"train"
4395,"train"
4396,"test"
4397,"train"
4398,"train"
4399,"test"
4400,"train"
4401,"train"
4402,"train"
4403,"train"
4404,"train"
4405,"train"
4406,"train"
4407,"train"
4408,"train"
4409,"train"
4410,"train"
4411,"train"
4412,"train"
4413,"train"
4414,"train"
4415,"train"
4416,"train"
4417,"train"
4418,"train"
4419,"train"
4420,"test"
4421,"test"
4422,"test"
4423,"train"
4424,"test"
4425,"train"
4426,"test"
4427,"test"
4428,"train"
4429,"train"
4430,"train"
4431,"train"
4432,"test"
4433,"train"
4434,"train"
4435,"test"
4436,"test"
4437,"train"
4438,"train"
4439,"train"
4440,"train"
4441,"test"
4442,"train"
4443,"train"
4444,"train"
4445,"train"
4446,"train"
4447,"train"
4448,"test"
4449,"train"
4450,"train"
4451,"train"
4452,"test"
4453,"train"
4454,"train"
4455,"train"
4456,"test"
4457,"test"
4458,"train"
4459,"train"
4460,"train"
4461,"test"
4462,"train"
4463,"train"
4464,"test"
4465,"train"
4466,"train"
4467,"train"
4468,"train"
4469,"train"
4470,"test"
4471,"train"
4472,"train"
4473,"train"
4474,"train"
4475,"test"
4476,"test"
4477,"train"
4478,"train"
4479,"train"
4480,"train"
4481,"train"
4482,"train"
4483,"train"
4484,"train"
4485,"train"
4486,"train"
4487,"test"
4488,"train"
4489,"test"
4490,"train"
4491,"test"
4492,"train"
4493,"train"
4494,"train"
4495,"train"
4496,"test"
4497,"train"
4498,"train"
4499,"test"
4500,"train"
4501,"test"
4502,"train"
4503,"train"
4504,"train"
4505,"train"
4506,"train"
4507,"test"
4508,"train"
4509,"train"
4510,"test"
4511,"train"
4512,"test"
4513,"train"
4514,"train"
4515,"train"
4516,"train"
4517,"train"
4518,"test"
4519,"train"
4520,"train"
4521,"test"
4522,"test"
4523,"train"
4524,"train"
4525,"train"
4526,"train"
4527,"train"
4528,"train"
4529,"train"
4530,"train"
4531,"train"
4532,"train"
4533,"train"
4534,"test"
4535,"train"
4536,"train"
4537,"train"
4538,"train"
4539,"test"
4540,"test"
4541,"train"
4542,"train"
4543,"test"
4544,"train"
4545,"train"
4546,"train"
4547,"train"
4548,"train"
4549,"train"
4550,"train"
4551,"test"
4552,"train"
4553,"train"
4554,"train"
4555,"train"
4556,"train"
4557,"test"
4558,"train"
4559,"train"
4560,"train"
4561,"train"
4562,"train"
4563,"train"
4564,"test"
4565,"test"
4566,"train"
4567,"train"
4568,"train"
4569,"train"
4570,"test"
4571,"train"
4572,"train"
4573,"train"
4574,"train"
4575,"train"
4576,"train"
4577,"test"
4578,"train"
4579,"train"
4580,"test"
4581,"train"
4582,"train"
4583,"train"
4584,"train"
4585,"train"
4586,"train"
4587,"test"
4588,"train"
4589,"train"
4590,"test"
4591,"train"
4592,"train"
4593,"train"
4594,"train"
4595,"train"
4596,"test"
4597,"train"
4598,"test"
4599,"train"
4600,"test"
4601,"train"
4602,"test"
4603,"train"
4604,"train"
4605,"train"
4606,"test"
4607,"train"
4608,"train"
4609,"train"
4610,"train"
4611,"train"
4612,"train"
4613,"test"
4614,"train"
4615,"train"
4616,"train"
4617,"train"
4618,"train"
4619,"train"
4620,"train"
4621,"train"
4622,"train"
4623,"train"
4624,"train"
4625,"train"
4626,"train"
4627,"train"
4628,"train"
4629,"train"
4630,"train"
4631,"train"
4632,"train"
4633,"test"
4634,"train"
4635,"train"
4636,"train"
4637,"test"
4638,"test"
4639,"train"
4640,"train"
4641,"train"
4642,"test"
4643,"train"
4644,"train"
4645,"train"
4646,"train"
4647,"train"
4648,"train"
4649,"test"
4650,"train"
4651,"train"
4652,"train"
4653,"train"
4654,"train"
4655,"train"
4656,"train"
4657,"train"
4658,"train"
4659,"train"
4660,"train"
4661,"train"
4662,"test"
4663,"train"
4664,"test"
4665,"train"
4666,"train"
4667,"test"
4668,"train"
4669,"train"
4670,"train"
4671,"train"
4672,"test"
4673,"train"
4674,"train"
4675,"train"
4676,"train"
4677,"train"
4678,"train"
4679,"test"
4680,"train"
4681,"train"
4682,"train"
4683,"test"
4684,"test"
4685,"train"
4686,"test"
4687,"train"
4688,"train"
4689,"test"
4690,"train"
4691,"test"
4692,"train"
4693,"test"
4694,"train"
4695,"test"
4696,"train"
4697,"test"
4698,"test"
4699,"train"
4700,"train"
4701,"train"
4702,"test"
4703,"test"
4704,"train"
4705,"train"
4706,"train"
4707,"train"
4708,"train"
4709,"train"
4710,"train"
4711,"test"
4712,"train"
4713,"train"
4714,"train"
4715,"train"
4716,"test"
4717,"test"
4718,"test"
4719,"train"
4720,"train"
4721,"train"
4722,"test"
4723,"train"
4724,"train"
4725,"test"
4726,"train"
4727,"train"
4728,"train"
4729,"test"
4730,"train"
4731,"train"
4732,"train"
4733,"train"
4734,"train"
4735,"train"
4736,"train"
4737,"train"
4738,"train"
4739,"train"
4740,"train"
4741,"train"
4742,"train"
4743,"train"
4744,"train"
4745,"test"
4746,"train"
4747,"train"
4748,"train"
4749,"train"
4750,"train"
4751,"train"
4752,"train"
4753,"train"
4754,"train"
4755,"train"
4756,"train"
4757,"train"
4758,"train"
4759,"train"
4760,"train"
4761,"test"
4762,"train"
4763,"train"
4764,"train"
4765,"train"
4766,"train"
4767,"train"
4768,"train"
4769,"train"
4770,"train"
4771,"test"
4772,"train"
4773,"test"
4774,"train"
4775,"train"
4776,"train"
4777,"train"
4778,"train"
4779,"train"
4780,"train"
4781,"train"
4782,"train"
4783,"train"
4784,"train"
4785,"train"
4786,"train"
4787,"train"
4788,"test"
4789,"train"
4790,"train"
4791,"train"
4792,"test"
4793,"train"
4794,"test"
4795,"test"
4796,"train"
4797,"train"
4798,"test"
4799,"train"
4800,"train"
4801,"train"
4802,"train"
4803,"train"
4804,"train"
4805,"train"
4806,"test"
4807,"train"
4808,"train"
4809,"train"
4810,"train"
4811,"train"
4812,"test"
4813,"test"
4814,"test"
4815,"train"
4816,"train"
4817,"train"
4818,"test"
4819,"train"
4820,"train"
4821,"train"
4822,"train"
4823,"test"
4824,"train"
4825,"train"
4826,"train"
4827,"train"
4828,"train"
4829,"train"
4830,"train"
4831,"train"
4832,"train"
4833,"test"
4834,"test"
4835,"train"
4836,"train"
4837,"train"
4838,"test"
4839,"train"
4840,"train"
4841,"train"
4842,"test"
4843,"train"
4844,"train"
4845,"test"
4846,"test"
4847,"train"
4848,"train"
4849,"train"
4850,"train"
4851,"train"
4852,"train"
4853,"test"
4854,"test"
4855,"train"
4856,"train"
4857,"test"
4858,"train"
4859,"test"
4860,"train"
4861,"train"
4862,"train"
4863,"train"
4864,"test"
4865,"train"
4866,"train"
4867,"train"
4868,"train"
4869,"train"
4870,"train"
4871,"train"
4872,"train"
4873,"train"
4874,"train"
4875,"train"
4876,"train"
4877,"train"
4878,"train"
4879,"train"
4880,"train"
4881,"train"
4882,"test"
4883,"train"
4884,"train"
4885,"test"
4886,"train"
4887,"train"
4888,"train"
4889,"train"
4890,"train"
4891,"train"
4892,"train"
4893,"test"
4894,"train"
4895,"train"
4896,"train"
4897,"train"
4898,"test"
4899,"train"
4900,"train"
4901,"train"
4902,"train"
4903,"train"
4904,"train"
4905,"test"
4906,"test"
4907,"train"
4908,"train"
4909,"train"
4910,"train"
4911,"train"
4912,"train"
4913,"train"
4914,"test"
4915,"train"
4916,"train"
4917,"train"
4918,"train"
4919,"train"
4920,"train"
4921,"train"
4922,"train"
4923,"train"
4924,"train"
4925,"test"
4926,"test"
4927,"train"
4928,"train"
4929,"train"
4930,"train"
4931,"train"
4932,"test"
4933,"train"
4934,"test"
4935,"train"
4936,"train"
4937,"train"
4938,"test"
4939,"test"
4940,"test"
4941,"train"
4942,"train"
4943,"train"
4944,"test"
4945,"train"
4946,"train"
4947,"test"
4948,"test"
4949,"train"
4950,"train"
4951,"train"
4952,"train"
4953,"train"
4954,"train"
4955,"train"
4956,"train"
4957,"train"
4958,"train"
4959,"train"
4960,"train"
4961,"train"
4962,"train"
4963,"test"
4964,"train"
4965,"train"
4966,"train"
4967,"train"
4968,"train"
4969,"train"
4970,"train"
4971,"train"
4972,"test"
4973,"train"
4974,"train"
4975,"train"
4976,"train"
4977,"train"
4978,"train"
4979,"train"
4980,"train"
4981,"test"
4982,"test"
4983,"train"
4984,"train"
4985,"train"
4986,"test"
4987,"train"
4988,"train"
4989,"train"
4990,"train"
4991,"train"
4992,"train"
4993,"train"
4994,"train"
4995,"test"
4996,"train"
4997,"train"
4998,"train"
4999,"test"
5000,"train"
5001,"train"
5002,"train"
5003,"train"
5004,"train"
5005,"test"
5006,"test"
5007,"test"
5008,"train"
5009,"test"
5010,"train"
5011,"train"
5012,"test"
5013,"train"
5014,"train"
5015,"train"
5016,"train"
5017,"test"
5018,"train"
5019,"train"
5020,"train"
5021,"test"
5022,"train"
5023,"train"
5024,"test"
5025,"train"
5026,"train"
5027,"test"
5028,"train"
5029,"train"
5030,"train"
5031,"train"
5032,"train"
5033,"train"
5034,"test"
5035,"train"
5036,"train"
5037,"train"
5038,"train"
5039,"train"
5040,"train"
5041,"train"
5042,"test"
5043,"test"
5044,"train"
5045,"train"
5046,"test"
5047,"test"
5048,"train"
5049,"train"
5050,"train"
5051,"train"
5052,"train"
5053,"train"
5054,"train"
5055,"test"
5056,"train"
5057,"train"
5058,"train"
5059,"test"
5060,"test"
5061,"train"
5062,"train"
5063,"test"
5064,"train"
5065,"train"
5066,"train"
5067,"train"
5068,"train"
5069,"train"
5070,"train"
5071,"train"
5072,"test"
5073,"train"
5074,"train"
5075,"train"
5076,"train"
5077,"train"
5078,"train"
5079,"train"
5080,"test"
5081,"train"
5082,"train"
5083,"train"
5084,"train"
5085,"train"
5086,"train"
5087,"train"
5088,"test"
5089,"test"
5090,"train"
5091,"train"
5092,"train"
5093,"test"
5094,"test"
5095,"train"
5096,"train"
5097,"train"
5098,"test"
5099,"test"
5100,"train"
5101,"train"
5102,"train"
5103,"train"
5104,"train"
5105,"train"
5106,"train"
5107,"train"
5108,"train"
5109,"test"
5110,"train"
5111,"train"
5112,"train"
5113,"train"
5114,"train"
5115,"test"
5116,"train"
5117,"train"
5118,"train"
5119,"train"
5120,"train"
5121,"test"
5122,"train"
5123,"train"
5124,"train"
5125,"train"
5126,"test"
5127,"test"
5128,"test"
5129,"train"
5130,"train"
5131,"train"
5132,"train"
5133,"test"
5134,"train"
5135,"train"
5136,"test"
5137,"train"
5138,"test"
5139,"test"
5140,"train"
5141,"train"
5142,"train"
5143,"train"
5144,"test"
5145,"train"
5146,"train"
5147,"train"
5148,"train"
5149,"train"
5150,"train"
5151,"test"
5152,"train"
5153,"train"
5154,"train"
5155,"train"
5156,"train"
5157,"train"
5158,"train"
5159,"train"
5160,"train"
5161,"train"
5162,"train"
5163,"test"
5164,"train"
5165,"test"
5166,"train"
5167,"train"
5168,"train"
5169,"train"
5170,"train"
5171,"train"
5172,"train"
5173,"test"
5174,"train"
5175,"train"
5176,"train"
5177,"train"
5178,"train"
5179,"train"
5180,"train"
5181,"train"
5182,"train"
5183,"test"
5184,"test"
5185,"train"
5186,"test"
5187,"train"
5188,"train"
5189,"train"
5190,"train"
5191,"train"
5192,"train"
5193,"test"
5194,"train"
5195,"train"
5196,"test"
5197,"train"
5198,"train"
5199,"train"
5200,"train"
5201,"train"
5202,"test"
5203,"train"
5204,"train"
5205,"train"
5206,"train"
5207,"test"
5208,"test"
5209,"train"
5210,"train"
5211,"train"
5212,"test"
5213,"train"
5214,"train"
5215,"train"
5216,"train"
5217,"test"
5218,"train"
5219,"test"
5220,"train"
5221,"train"
5222,"train"
5223,"test"
5224,"test"
5225,"test"
5226,"train"
5227,"train"
5228,"train"
5229,"train"
5230,"test"
5231,"train"
5232,"train"
5233,"train"
5234,"train"
5235,"train"
5236,"train"
5237,"train"
5238,"train"
5239,"train"
5240,"train"
5241,"train"
5242,"train"
5243,"train"
5244,"test"
5245,"test"
5246,"train"
5247,"train"
5248,"train"
5249,"train"
5250,"train"
5251,"train"
5252,"train"
5253,"train"
5254,"test"
5255,"test"
5256,"test"
5257,"train"
5258,"test"
5259,"test"
5260,"train"
5261,"train"
5262,"test"
5263,"train"
5264,"train"
5265,"train"
5266,"train"
5267,"train"
5268,"train"
5269,"train"
5270,"train"
5271,"train"
5272,"test"
5273,"train"
5274,"train"
5275,"train"
5276,"train"
5277,"train"
5278,"train"
5279,"train"
5280,"train"
5281,"train"
5282,"test"
5283,"train"
5284,"train"
5285,"train"
5286,"test"
5287,"train"
5288,"train"
5289,"test"
5290,"train"
5291,"test"
5292,"train"
5293,"train"
5294,"train"
5295,"train"
5296,"train"
5297,"train"
5298,"train"
5299,"train"
5300,"train"
5301,"train"
5302,"train"
5303,"train"
5304,"train"
5305,"train"
5306,"train"
5307,"train"
5308,"train"
5309,"train"
5310,"train"
5311,"train"
5312,"train"
5313,"train"
5314,"test"
5315,"test"
5316,"train"
5317,"train"
5318,"train"
5319,"train"
5320,"train"
5321,"train"
5322,"train"
5323,"train"
5324,"train"
5325,"train"
5326,"train"
5327,"train"
5328,"train"
5329,"train"
5330,"train"
5331,"train"
5332,"train"
5333,"train"
5334,"train"
5335,"train"
5336,"train"
5337,"train"
5338,"train"
5339,"train"
5340,"train"
5341,"test"
5342,"train"
5343,"test"
5344,"train"
5345,"train"
5346,"train"
5347,"train"
5348,"train"
5349,"train"
5350,"train"
5351,"test"
5352,"train"
5353,"train"
5354,"test"
5355,"train"
5356,"train"
5357,"train"
5358,"train"
5359,"train"
5360,"train"
5361,"train"
5362,"train"
5363,"train"
5364,"test"
5365,"test"
5366,"train"
5367,"train"
5368,"train"
5369,"train"
5370,"train"
5371,"test"
5372,"train"
5373,"test"
5374,"train"
5375,"train"
5376,"train"
5377,"train"
5378,"test"
5379,"train"
5380,"train"
5381,"test"
5382,"train"
5383,"train"
5384,"test"
5385,"test"
5386,"train"
5387,"train"
5388,"test"
5389,"train"
5390,"train"
5391,"test"
5392,"test"
5393,"train"
5394,"test"
5395,"train"
5396,"train"
5397,"train"
5398,"test"
5399,"train"
